a1_Gen2,a1_Gen4,C2N,a3,a4,Vc,K1,K2,lam,cost
0.6996995958434955,19537.80301443873,0.3082405659688432,0.9629861742905284,0.1236464092368738,0.2367322634228256,0.0100002917933206,9.705119925120123e-06,0.0047910498382397,10.87450617279362
0.9895563075574876,7657.801390357982,0.1133396558371256,0.6753654646173036,0.3184128468633007,0.4492522976592281,0.0275643477285247,1.7756309349992102e-06,0.0044929458286176,17.30831955560715
0.9617717851358016,2609.273363160813,0.1116745466583428,0.7415509187905349,0.5683899626550234,0.7087694464824762,0.1122201301107406,1.5712864532418846e-06,0.0040458155525375,16.174533438572176
0.6984437097818237,165.5421068264503,0.3263385081703966,0.7230704996901476,0.1732211578460324,0.7225644279266757,0.4326512814816633,3.9597616999721175e-06,0.0061223766524296,23.86439648537301
0.9998519901711028,10469.970805126964,0.1000115283533356,0.822974540906691,0.2174765081824388,0.0721716872270305,0.0289785397239731,1.6093463530432386e-06,0.0040895820776304,11.810299477137358
0.8558675411755046,6832.620631719094,0.1062278430381962,0.902955843863227,0.1687589526722778,0.4456178135689314,0.0745192484862795,6.477994930716301e-06,0.0051154495501501,20.33269518772248
0.8322265916201673,6530.343155667402,0.1031348326296177,0.7750044244080352,0.5261499140005642,0.6653695329192727,0.0236962898824461,1.8155866457292896e-06,0.0040797575412319,12.706837452047862
0.9038703858011654,6798.077206600208,0.1076242442540532,0.7008068414696652,0.3875327317839101,0.5824605048548254,0.0219346236864934,1.9978535843688474e-06,0.0040260028175538,21.67344954318539
0.7874227979894933,16711.62407813346,0.6803480493088332,0.9516549585596684,0.1951042600111381,0.8794327055414239,0.0101966900276829,1.0403158104380028e-05,0.0058839152422003,28.91131052463152
0.9999922660026568,13577.41604448817,0.1000980273458439,0.9071357247275952,0.2293964789802882,0.2036741574162433,0.0102689954322965,2.371758564327674e-06,0.0046723445390514,15.09448692254106
0.7485377554842567,4107.524663848708,0.1016426219849861,0.5375370061933782,0.4764634683632536,0.723914263429127,0.05522734615982,1.6222516602754489e-06,0.0042711548385721,18.13172399880204
0.7261047993349647,18902.05752225311,0.6386184945487035,0.9436493483278474,0.1661836534958661,0.8365982181531822,0.0100013234328374,1.358101662470616e-05,0.0057416718598671,28.0457554032266
0.7281716755049101,7172.961181169076,0.7855633428493479,0.9252865548833654,0.3139101867522951,0.3515294362492189,0.0127454044298926,2.7083597205032458e-06,0.0055812753987995,21.605645181447297
0.9999999999999468,100.00000000000016,0.3172408535906358,0.2926265269391582,0.966957558112425,0.9999999999999998,0.01,1.0000000000000002e-06,0.004531387779823,10.625109574425183
0.9235532935479042,3917.147666248505,0.1033228792197084,0.7424211778374211,0.3619768153434229,0.6263158005967503,0.122175822386124,1.9842924383757714e-06,0.0044329871308638,13.020712345251315
0.913793930252058,1726.1164648112383,0.1016233954459032,0.6808496167089642,0.5207788469224799,0.6537850626370504,0.1347348090191953,1.4602373458745133e-06,0.0035405308223323,10.59863230773626
0.8199772178464108,19102.840350015897,0.5689279358799648,0.4345372634143495,0.0570087117479365,0.3324265005288462,0.0120317553407752,8.789461854454698e-06,0.0051663156568126,14.530317815379256
0.4899662944259588,5389.891764458803,0.10285531186335,0.4638393150712404,0.2684109729948735,0.6408262556449116,0.0300037018189836,3.611767456742262e-06,0.004124219558975,16.04662119012021
0.7094274390653035,2132.236844853033,0.1035595340105182,0.7169555272835663,0.3833920135422189,0.6298055329440371,0.1634859071950259,2.260892974888841e-06,0.0044685394159236,17.245653750299184
0.6310980800031105,14361.073602724276,0.2672748077164552,0.6148634303792369,0.1521289122433089,0.6025631516282751,0.0102222176868884,7.163735499724889e-06,0.0043472669116067,19.35730533683344
0.740552760666547,16819.81428316744,0.2019257795121481,0.4275769348501533,0.0916212644699475,0.8128947122564787,0.0100000000001676,1.07935436148159e-05,0.0048395676957751,24.380466856656543
0.5578169178069219,1458.0865955280324,0.1093039978420933,0.8169566643415207,0.2480489023420145,0.593784430176112,0.4747903496033805,3.1393924714228497e-06,0.0053491770140013,17.453980208358526
0.9998709737582004,17589.84247524806,0.1001983416927549,0.8244858118929691,0.216884000261333,0.6648745361585239,0.0100046936419562,3.789751182120151e-06,0.0045701070459566,22.71975418403717
0.9999990446352548,14043.7712641523,0.1001069412024412,0.7505018171950557,0.1761166096212831,0.1562863061437931,0.0100254014677444,2.2238433996493407e-06,0.0045715109230102,20.636518904892664
0.8343781860314765,6371.462521900711,0.1055891236651634,0.8248689561309559,0.3851058821655239,0.3191876404063791,0.0517760219377884,1.7389369591647603e-06,0.0049943320349153,19.543435378481007
0.6752366964936174,4001.370510065278,0.1280514366619425,0.85467648151116,0.4207680643771684,0.7512185069913279,0.0972003893854212,3.0410779223208008e-06,0.004878865955169,22.67275438351604
0.9999999752633436,16772.10361762213,0.100452171658139,0.9645772648985952,0.2807652044008693,0.7708159042823728,0.010081198535273,3.692332217282951e-06,0.0039187113834061,13.21109281366873
0.4864191290459114,216.98790680591972,0.1021698950444688,0.6772786230592958,0.0684556395529094,0.6152021421199764,0.2931311017995034,2.006737779177702e-05,0.0035554187123099,19.84516122019789
0.9885169035655708,6087.661179850456,0.1022036804801709,0.8867370050382795,0.2492750840255895,0.010521731241259,0.0669596723736577,1.3703329352967874e-06,0.003452700569604,14.45996308766269
0.9986994386911244,13665.34372143344,0.1014235284426262,0.904724845380096,0.3525444799626538,0.9013264910638672,0.0100676026919805,2.9806982586589856e-06,0.0040799743571029,19.661768403033903
0.9999999999988992,5777.895624778536,0.1000000006240707,0.7104629549851172,0.484036840260042,0.3051864167516714,0.0100000001537949,1.2501979345649731e-06,0.0041791896024971,9.255787593322378
0.6547828829495682,9942.427755840285,0.4449961607573189,0.7059793554519534,0.2491718037290192,0.6547996882586276,0.0100984251243884,4.485157143381645e-06,0.0050545150893085,14.57117162251724
0.9433270549835986,5674.515069136602,0.3352208794853132,0.7707991498711652,0.5341918535600991,0.6460862041296405,0.0100057224887837,1.6863489327734473e-06,0.0042235720112112,12.874833662636352
0.8415168363352035,9349.48932384642,0.2138809965200665,0.6588183781076723,0.2571068229558058,0.3529618172474525,0.0101632438878035,2.196060146748115e-06,0.0045362273532868,18.78891168145444
0.637684429489439,2757.469021776563,0.1009787558808699,0.97464961357585,0.4016514776564529,0.9418099760047756,0.1942463713932992,3.8524465847690044e-06,0.0050237455720869,27.253854215946163
0.9999171414323668,8474.238566082024,0.1000692059182822,0.751507641048275,0.2811386101255446,0.2599983396474152,0.0272548114643253,1.704737379565252e-06,0.0041068906147499,11.66386595464251
0.8129126648831304,18243.92492881322,0.2023251096250474,0.8451614304782001,0.1324440226251186,0.484610262766819,0.0100004234182616,1.0376624884865747e-05,0.0041658650643215,22.791084179476115
0.6809987691193798,142.7162746261266,0.1001392213777831,0.2923148779444433,0.5195735450054794,0.6269233939216662,0.3411158304457103,1.0249199956659063e-06,0.0040640586581097,8.03342093621463
0.5446723832288585,7396.634262630273,0.3351986491762911,0.6302387538412733,0.2767003171799658,0.4561014919567869,0.0100501024785443,3.3706230423701097e-06,0.0054279740741722,20.298369515679173
0.8472844380966023,4217.882982436937,0.4915643262882922,0.7662210306083226,0.4910749343731912,0.3632121487012307,0.0103858931226706,1.5412231519656946e-06,0.0054912427693083,21.993949580005975
0.6427643542371206,14134.900271777118,0.2025489574835419,0.9971465994901886,0.270987730910711,0.9949055157463438,0.0103495786758193,1.150001889719476e-05,0.0045966065917838,21.005252039065045
0.9835001169981726,4903.333920875433,0.1139015752115898,0.6012544930344333,0.536050372398506,0.4571886731836226,0.0101417350018138,1.2516807538585437e-06,0.0043436247718448,17.42264628970577
0.6665329027702157,1310.2315242657858,0.1064053895688164,0.7611621337632196,0.5261280417476578,0.3370175052770092,0.2875733413270998,1.3353545764799671e-06,0.0043010236411774,12.20905082694554
0.9287041490079648,6195.443768599584,0.3325515532043939,0.671669062402228,0.5061420385451075,0.8144912231014212,0.0101813664499698,1.7960666891592776e-06,0.0051593007713491,12.705122656674485
0.9192096749268636,16175.64242704368,0.1362791940277499,0.750530558622557,0.2090276565684495,0.8527670655699003,0.0100002258337414,4.950301734327727e-06,0.0041728976688139,21.66009900012248
0.8113505608738716,784.6458999680606,0.1051445061323486,0.4895542520640113,0.2554484885271847,0.5993973764572392,0.4809335710593475,1.580408844541606e-06,0.0041320810761835,17.220225775244252
0.2196445364550675,10121.210521861076,0.1006030153433902,0.8247707169532369,0.1849593904237371,0.0100822103186728,0.0100419152587628,7.292986194808445e-06,0.0043137329097467,8.41684684945963
0.7484512925684379,14225.22706254034,0.6255294429847307,0.494565248011245,0.0934645501275664,0.3514694597886115,0.0100411126736394,6.182298639151167e-06,0.005801697233233,17.13334925223928
0.7174282076193739,11624.388929066356,0.1013321139938535,0.8498178197648809,0.2233232368367894,0.6518467272070866,0.0226028482277551,6.47554185330654e-06,0.0043772142710857,26.857330416434056
0.5890124299132699,5159.268175295053,0.1024492421647584,0.4736764862535692,0.3908627653935812,0.5789411659166702,0.0143955229888574,1.93686327693382e-06,0.0043887050673129,21.04152904260832
0.8218893381565385,14701.406031815512,0.5965578860036862,0.9750985199877692,0.2228568685715342,0.9007367052196128,0.0102208127878695,9.022959103368885e-06,0.0049174093911501,17.080768921368897
0.7354815054755917,12268.605917859772,0.1012949962600902,0.7276864983088634,0.2438550114744732,0.7137232717113146,0.0168182716418545,4.455373589592054e-06,0.0045648190480876,26.1729436252715
0.6812948892212617,136.70878679292915,0.1003204427013366,0.6945879811053509,0.6388630509115029,0.6982250477878934,0.535011935035129,1.214034084957325e-06,0.0033443203074822,9.958773723427967
0.6484240120090112,131.3366725064201,0.1479467604866875,0.9460050116983536,0.0100028149440795,0.934132185156494,0.9999957864584776,6.073010075476404e-05,0.0041017516870525,9.353149078361389
0.9996592764441552,8062.166158167112,0.1000293130910835,0.8210296087415239,0.2405071853201507,0.0682724395418772,0.0584639063324977,1.4765412698874162e-06,0.0042327913919048,20.734895977766342
0.8686763848836271,18990.725549341358,0.3053311289302321,0.9785399153162432,0.1820338129262783,0.8285371991668451,0.0100000000525925,1.0968064584608722e-05,0.0050494367572063,22.92162821660796
0.2324845887322084,9627.075570193503,0.1000469736654796,0.764191011534262,0.1719965573506528,0.0100846856023093,0.01,7.620942882692497e-06,0.0040940998123597,15.538953146778017
0.8057228571782457,153.15146117921873,0.3329953498048926,0.3846562003095359,0.6592475889539184,0.3524508384662628,0.0100468619074143,1.0154769594984791e-06,0.0046822904394061,10.742903970515572
0.9725783832519382,7494.561873423436,0.1010728331084856,0.4298117703392763,0.163130116392495,0.2341381832966651,0.038380155508488,1.7344512131789777e-06,0.0047421866134984,15.28125287460695
0.9991120564386492,10402.279379357313,0.1057749198629639,0.6322368038642234,0.1666348640835356,0.0714938059304399,0.0320533638068947,1.5518747160711195e-06,0.0043243502137349,19.87519324002064
0.9999714032782682,14010.593741393095,0.100095116037054,0.7134423077140014,0.1690165504257302,0.2305327953537828,0.0168886176521739,2.3295304299426584e-06,0.0040307492975487,17.409834319219453
0.9998118514000166,7465.876709769106,0.1000017137929167,0.8506547066527954,0.3580998013711997,0.3607606512847033,0.0340985609749744,1.7247854692146726e-06,0.0040473562671005,16.118795946837384
0.2788195107449788,12362.366535243857,0.1000028190374728,0.9260317015518856,0.172665640106158,0.0126651983484348,0.01,7.806878221054808e-06,0.0047175821962072,13.018242337932495
0.6071402393091915,16683.702955580364,0.1001695303369596,0.8780785137071617,0.2084645527632506,0.8545923581589675,0.0100428711463427,1.2002500685295508e-05,0.0047165503305831,14.319362903684429
0.931329457402732,12457.192019294662,0.2217199409607163,0.8257121227455618,0.122019107155145,0.2911296105237579,0.0213091819113486,7.570010364953167e-06,0.0041654261905054,24.53342257273568
0.3716127668843982,165.98656372531755,0.1088772988327534,0.7852900568990702,0.1402141698729719,0.7041590206024146,0.5755809416572757,8.252208247573601e-06,0.0042943511287714,23.04125348595103
0.9563802529888484,4805.212811623182,0.1014580145577513,0.6040541026599,0.4313074851361316,0.7954437695016395,0.0698770999495252,1.621440071444697e-06,0.0041212308727782,12.221993123132044
0.9997340271388028,12759.92851926319,0.1001160956514056,0.7691602684838923,0.3245212316659489,0.8584645475501471,0.0122228545714867,2.595685233517217e-06,0.0037772890750735,14.401124580416324
0.9886621808059828,11750.171609687262,0.1083600075199666,0.3561439280177003,0.1267075765493343,0.5194275273331386,0.0217085872819022,2.3461149131370386e-06,0.0049043747540356,15.514963793129008
0.7067527697589207,415.2763419206122,0.1010304975628233,0.6372171185311656,0.6190504383056633,0.573558530786164,0.364218174519914,1.243188725323414e-06,0.0036357273709746,14.467757499608052
0.6246164343825681,18547.39125295655,0.1072133606432253,0.925161818902734,0.1387427295298502,0.2798852126923837,0.01,9.723996910151638e-06,0.0050808538292402,20.83056790870267
0.9776247245582248,3402.7741260893263,0.1003623705210621,0.79956846623879,0.1452387144433916,0.601278525391353,0.267416669223357,4.098773864834629e-06,0.0049176905659465,18.29988649523237
0.9944685980401688,11257.507776235463,0.1016657586437521,0.8175383555192248,0.2746860709848028,0.3069978293209163,0.0141646319407816,1.996675019129755e-06,0.0044791169036807,13.707149677788342
0.9029014005620528,4485.14705514308,0.1014183175037091,0.595864585724478,0.4012949739891724,0.4193814438299093,0.0465601787211824,1.4595494834039991e-06,0.0040003308484478,12.471585460171752
1.0,100.00000000000024,0.3186381631631511,0.2325123602148677,0.7912734001918958,0.9999999999999928,0.01,1.0000000000000002e-06,0.0044814085184055,12.682659161580458
0.9999118960358928,132.81080333010237,0.3553815302193,0.3372515005049905,0.7999913165204359,0.6714312313158949,0.0102204161849952,1.0001961009052563e-06,0.004632137665982,13.989378388946443
0.8883969851442348,18000.115621835135,0.3843428719726629,0.7456427297124251,0.1536532074422546,0.6257455993863279,0.0104617104147788,5.705807244035978e-06,0.0042220568245181,23.696948814105188
0.5641970712361608,17446.700154527312,0.1035081991769621,0.7952283486088008,0.1253213352628518,0.2543561544908955,0.010000000015003,9.700578993758893e-06,0.0048144609687349,14.218634622120438
0.6034803781028658,17293.559721086516,0.1258753178692623,0.8014516918356878,0.1334800263347803,0.3558866960480076,0.01,9.759290518915956e-06,0.0041588677935557,18.146325350878364
0.9887306935914106,8044.61896474219,0.1018882629606514,0.7863166745022807,0.3823356001448342,0.5247419544213073,0.028201564233522,1.8765005976236296e-06,0.0043444944383962,14.145067932791584
0.8136981507221701,12734.365901846408,0.1005267853961456,0.7127857652163084,0.2140047317291107,0.8869841183042289,0.0173959858924549,6.008557572724203e-06,0.0044001282213285,19.918874303158603
0.9038583017573372,19968.49158130909,0.5272939725153137,0.9416951128297596,0.1684692927617919,0.7960914208217722,0.0101376925110912,9.63728227166315e-06,0.005237896377975,22.874261712230304
0.8555105024001931,17922.10879840551,0.313557382602132,0.9589329207956848,0.1542110311995468,0.5660055824086796,0.0104636003180891,1.0262526732765324e-05,0.0048933899593306,15.337099722027531
0.5354535376979863,10527.985328680978,0.6600563753257543,0.86641075657305,0.1795661373042271,0.3065038871241147,0.0104394086935536,8.725818613586204e-06,0.0066597299523473,18.318269784085665
0.3440312592436265,15334.584798946868,0.1013443812412238,0.908979070416192,0.1358983907664088,0.0126708566869952,0.01,7.583736829317097e-06,0.0042706047998009,8.721140945876186
0.7528253600352124,2772.2124051873625,0.1045948952124304,0.7595509682921057,0.5523346865666618,0.7358883734028304,0.133648328851487,1.854622445818815e-06,0.0049601375001297,15.959078460489083
0.9234722987289444,423.0358504722921,0.10000037254192,0.5087359325453558,0.6690361830362305,0.4588514292556376,0.3682215488279455,1.019559788752308e-06,0.0049151303803179,8.004260362901068
0.3826889741959867,100.13157736119886,0.1022818893385615,0.9570731420929188,0.0109208800283295,0.9999623680849306,0.9999999664442026,9.99999909545294e-05,0.004605729620164,14.046151625860023
0.8222826175939627,565.4163015458997,0.1000753363119265,0.756057213879859,0.5303710855300474,0.3665287320115044,0.4014389354748244,1.1615146881491862e-06,0.0038090714131878,14.081600047565502
0.9336881825635166,19811.19137361918,0.1732219141223674,0.9134166209741554,0.1325425616300998,0.5154675116672096,0.01,1.0463147121167945e-05,0.0041057244650748,14.947261206101029
0.7972050436784249,13109.632457413703,0.4037845294045454,0.7365135404782353,0.2252308005330653,0.85689362049426,0.0110959309492889,5.152861674085265e-06,0.004418275179006,27.63422083922532
0.8704365500915813,7154.479617494455,0.1000248526409351,0.204422887325416,0.0621564502424469,0.0335810634769593,0.0558552034407706,1.4438241622825389e-06,0.0038340912574359,20.78853872021767
1.0,100.00000000015412,0.3185847252527258,0.2059300854799759,0.6510254713846602,1.0,0.01,1.0000000000000002e-06,0.005036704091361,10.32233250975558
0.9890507290584696,6848.535223841565,0.1001897241467548,0.6570221973595168,0.2260230094800301,0.1532354711032303,0.05026301086999,1.5764228661777465e-06,0.0036008892138449,22.311551559127025
0.7355994312887297,17598.48825184804,0.2511376598579359,0.7902727818818327,0.1153266712901319,0.3417306905484672,0.0100405011867879,9.63290051651468e-06,0.004163596310992,21.491327763541044
0.97755134270448,4989.699216380993,0.1002451364393383,0.5869145632368036,0.5779281184160009,0.6524037698121351,0.0100002258893175,1.3210742868569649e-06,0.0043294445211573,11.162489102824631
0.9693989238073198,1405.731710126794,0.1038426746630516,0.7511861564690611,0.5707787957183414,0.5331175772445397,0.2442444722995661,1.298568616697036e-06,0.0047191476901043,11.109278232691256
0.2593355597816076,12524.462245765628,0.10034295847758,0.8473910766501551,0.1549293919986229,0.0100036754284009,0.0100000006324942,7.609178314065632e-06,0.0045807514589671,11.646523017270134
0.6015182545670036,15236.308972756458,0.4463208687487455,0.704573762628292,0.1305284967422815,0.437708840524184,0.0104883427411437,9.219413692470772e-06,0.0050331113010664,25.821904425736136
0.2235359829101381,10152.024251372515,0.1000034708852638,0.8045275172788952,0.1795523290783954,0.0226264068258141,0.01,7.903165864940918e-06,0.0039040297372576,11.345710188573548
0.9905543961009544,6508.94531879463,0.1002937203335829,0.7865950731861432,0.4255070452165355,0.4965673884261594,0.0338953970857753,1.6617885901090714e-06,0.0040846251754387,17.271415707094913
0.999913557192844,8755.102270536701,0.1000076382338688,0.8880810323580975,0.3829758026760826,0.4856868646282978,0.0348818303299499,1.9029301532202684e-06,0.0050208660595286,16.212736201018483
0.8864628668634759,2189.7517672660365,0.1017677079279454,0.8338164832635725,0.193761184474956,0.4727755977770489,0.3348768174252702,2.8518291982681645e-06,0.0047550927842802,23.26299435563543
0.6659308871393144,15583.869447383864,0.2439067356645021,0.8370297080778885,0.1445368866420434,0.4196693124023846,0.0100000000237821,1.0379896474403748e-05,0.0040396625871642,20.8709248058807
0.9996955234812992,10954.88233740364,0.1000980825560623,0.8096969234578817,0.2477983237728689,0.2143032777081693,0.0194339071026885,1.8894146282008785e-06,0.0046357127397815,19.07900181409221
0.73874573915416,14797.75501628383,0.1037318127566686,0.733423996175664,0.1698549295572021,0.5924513218232982,0.0111136629938158,7.116958847011031e-06,0.00368435553518,27.447749681542277
0.6804789264645106,13306.530900254023,0.2040822956019546,0.142032360819928,0.0191708400488477,0.1024018366826304,0.0222425699632382,7.334224066461271e-06,0.0046804576009222,26.1256462740416
0.3703211619475147,594.447848701282,0.1044247325710073,0.6111195406735446,0.4511240718466702,0.6427092827561421,0.2744644177901885,2.59868048963836e-06,0.0046801425728985,11.786911399427757
0.4848146310148302,468.86507925308746,0.1014540615758409,0.9183952732920504,0.127158909124739,0.4581129621657489,0.2024994570683767,1.6873240684887293e-05,0.0048730308364744,12.680541995249692
0.5042921265256961,107.2713848024436,0.1615903229092472,0.9350946197035712,0.1175339817912543,0.8626023102090709,0.4004666041722686,1.381985380574469e-05,0.0047814767626512,11.783694969510076
0.6016071888692185,16840.98848418911,0.1001110829418562,0.886254832459613,0.1413771649404406,0.2694300134328672,0.01,9.439221657330429e-06,0.0043499419750622,14.126393699010428
0.9986330747302192,11278.617079444544,0.1001014743836292,0.8547019524026356,0.2318350749331101,0.0876090218610586,0.0102723983244993,1.6431235485783313e-06,0.0035912511197627,14.69098282399009
0.9959515805685504,11609.72535084914,0.1002504332101451,0.7852058297138581,0.2726688669657252,0.4219550466709247,0.010024056858384,2.217771157653372e-06,0.0042655851778729,18.607084285538647
0.6785970458045629,100.00124237039432,0.1754810859344455,0.9967712722166424,0.0100000824621407,0.9974528530898996,0.9999992174791962,6.269932945673841e-05,0.0040025128045005,15.062535128273025
0.3994524174199085,15225.47778842983,0.1000322309109007,0.9882117372928888,0.1699359930538535,0.1268694718050834,0.01,8.724394777132486e-06,0.0046318546069348,11.780991910926572
0.873014816708024,13511.379855817611,0.1014411269034131,0.7374854647809965,0.1764165272050292,0.6427078552036979,0.0164048227622953,6.093863056523756e-06,0.0042576249037908,22.551169406261863
0.8656461026911857,1098.836058773779,0.1016759052006057,0.6724165431615653,0.4629985136397809,0.5681045202857528,0.2690067327486721,1.4199011272697242e-06,0.0038143840671101,19.04329743226011
0.960137204825915,7807.530323061608,0.1107869720435344,0.8848692089959277,0.2611216162036507,0.0632055259739009,0.0441963283944267,1.5261159408048798e-06,0.0038914779653202,8.659102194055418
0.6499007401428373,144.22329940044878,0.400190213876119,0.2734260936123129,0.4713126101108121,0.2753685230540547,0.0109701531884809,1.1129419220671142e-06,0.005776200264852,13.378442449071432
0.7113588137303131,100.44240178088717,0.17126935241624,0.996952584056049,0.0100016447190957,0.9999784830702816,0.9853723794544008,6.034496736846853e-05,0.0040207884475532,10.700135951704947
1.0,100.00000000003584,0.3630278620933811,0.2686199145732228,0.8142793264001111,1.0,0.01,1.0000000000000002e-06,0.0050560229186468,8.899148335064128
0.9141844900684468,3804.902486243173,0.380309387626158,0.5898108254559978,0.4129539440351271,0.3006395632264251,0.0100010552143873,1.2810742166446558e-06,0.0042943346907252,13.531444665993346
0.3928489459804977,10595.598091084254,0.1610785078727379,0.6260882215542831,0.2365305352033755,0.8316404224205727,0.0105285911932952,1.0350591349815587e-05,0.005611254318532,19.17898358228336
0.8900704544101953,12576.66516622808,0.107666061346533,0.5574906818732199,0.178129330623851,0.48860477323199,0.010270955142917,3.1178461172332508e-06,0.0043255997612009,13.907005248560766
0.9997115630381364,115.65374168123284,0.8802015204782613,0.6751894484941217,0.4307539292276753,0.01,0.01,1.0000000000000002e-06,0.0063711410581843,12.406089403245456
0.3757612766336318,7719.813073859745,0.1031088758651387,0.7656252236205229,0.3044307711667637,0.6077191222133314,0.0155561333993759,8.56880412210603e-06,0.0044981666160879,21.461912204273386
0.7669212359838878,17871.919327240048,0.1007757019077897,0.7360669178062853,0.1189053235119423,0.4521985429147854,0.0138079079387005,1.0163067503132205e-05,0.0048687784977721,20.072958600653777
0.961731206033828,9871.68995367545,0.1781996884547829,0.6217788027264445,0.1611348652726595,0.0112634169091005,0.013502919673015,1.4031507662029464e-06,0.004066200694907,10.662379467592766
0.9079834617828432,12987.530726117158,0.6066380375358983,0.5360030489555965,0.1866874333513377,0.9272541097996296,0.0113147131401559,3.7853080465184695e-06,0.0066509375804165,18.687153436599587
0.7305280615926343,15006.734913068409,0.1037972767278257,0.5049189136610752,0.0968783883535908,0.5055000564427339,0.0100000000000023,9.983713357272146e-06,0.00424608582377,28.101809959880992
0.3363170291585189,14014.45801739782,0.1015991135603083,0.9697815208655248,0.1649347123301894,0.0530720535040802,0.01,8.23637410409408e-06,0.0042147726826625,20.92926662088037
0.3295526453116544,10851.096582758924,0.404833452969467,0.7163388994761658,0.1241940823917949,0.0101812742675834,0.0101788049498217,7.060702121235676e-06,0.0056681844543668,12.73743412223321
0.3278776563019837,104.21173725369296,0.1007704362720575,0.7292614745303674,0.1172761631227909,0.7727999792252429,0.3632354972578129,1.6708834878878565e-05,0.0044662967135936,19.489367399600443
0.5324409122551749,8490.048000216475,0.2629871022742251,0.8104051876700339,0.1965714448389656,0.3566339366037468,0.0174936390645229,8.39499071054812e-06,0.004812254723401,16.739094780675373
0.6382263129444578,128.12209585661194,0.1793666270374274,0.9878681361193048,0.0100024802451151,0.8995145882711258,0.9999915059337904,6.47386210880101e-05,0.0045595577071109,15.383689196049998
0.5637215329397394,12071.9011938132,0.303341945119425,0.5059977177372544,0.1338677869067798,0.4593336994173645,0.0100165489358903,6.107281107508871e-06,0.0050040345073918,29.78691333664584
0.6110217859755813,141.27628201589962,0.148917395095718,0.9845092737239246,0.0100020377033104,0.8607738857751491,0.9999876994741216,6.265486603933604e-05,0.0036838275156221,17.379769644087354
0.9999999737077412,4300.271605328158,0.1000144931671821,0.6883218320764881,0.4747368532987801,0.0585531483595702,0.0100013005296564,1.0198874463418877e-06,0.0042337058117325,11.556975400449533
0.4570651371799841,5161.015530296179,0.6029681867781469,0.6468885698399718,0.2575840598350888,0.4099442612650404,0.0100488797232217,5.073839150640807e-06,0.0057497374233431,26.13182459648864
0.556853417424687,14018.821864682526,0.1031674540079682,0.843841947064077,0.1547176440659706,0.2912935069062417,0.0100000000000094,9.945204735516938e-06,0.0039875050035884,20.007381453736716
0.5800778632068319,13003.796936349232,0.4363124280061879,0.6982607211050527,0.1371984751149587,0.3918437447206033,0.0100008045055419,9.159897376298627e-06,0.0049996746118644,21.75181321662455
0.5837314921498075,3573.255462588032,0.1014140869122932,0.583929819309217,0.5528178027548182,0.5293570265022027,0.0383243608151178,1.659222687305387e-06,0.0045395369137111,8.709198538640322
0.6657888758030519,16010.636530287678,0.1479709383714782,0.6890488894261951,0.1274315455214987,0.480099674181642,0.0100000000000188,1.0265472563141998e-05,0.0042504969024095,24.1824996854984
0.8955956911661981,3518.8935426876405,0.1053157773794699,0.682085276760596,0.530189741099699,0.7130993482860833,0.0724510928230388,1.6222585327378134e-06,0.0038154947054446,10.582703246738324
0.9967787383871748,7247.294200488387,0.1001578509301598,0.8593321907922989,0.3491193015941806,0.2767744633931578,0.0312212800445459,1.6444556273876533e-06,0.0041451839459729,17.056064092011326
0.7373861309262466,7019.0922903416695,0.1054359553186472,0.409108122410347,0.2922354565358199,0.8958223283195456,0.0177795698775423,2.265987162650408e-06,0.0039261444395512,20.51206711854535
0.9997765806260526,12060.429760469568,0.1005593439767301,0.6871935764578739,0.1782675660663539,0.0840129855064037,0.0100157058213901,1.6834214574049492e-06,0.0046862107629267,13.857163525926945
1.0,100.00000000086229,0.3231041182623248,0.1000188993115513,0.3434513955759521,0.9999999999999156,0.01,1.0000000000000002e-06,0.0049907454433693,10.104471342770475
0.477017949743677,113.2539873561588,0.1481806957149938,0.864274620453562,0.1165784173647348,0.956870634025696,0.2215368916233004,2.4825170359739265e-05,0.004520026298026,10.422347360791123
0.9999967791170978,14327.274454239496,0.1000000682739428,0.890762706813385,0.2511122726169342,0.4787743433551265,0.0132872920274457,2.8419890680044145e-06,0.0042248766073853,17.561131319039383
0.9930277009974288,16155.503959723072,0.1009880989742306,0.9981261183883716,0.2553870242009446,0.7696602799552975,0.0148309340773746,4.6733021261012985e-06,0.0042557278349482,19.360245225916536
1.0,1041.6261845589072,0.2956141071087013,0.4475940508936912,0.6105683131559156,0.2905420885324106,0.01,1.0000000000000002e-06,0.0042769540194958,10.227400189711426
0.5965171382873358,16045.763961064751,0.5311476711604471,0.9470627205522504,0.1910945480083662,0.683640350192085,0.0102161306029813,1.1859612663562487e-05,0.0063289422780227,24.958053153281234
0.9999260808755832,10267.840543905715,0.1003752512848834,0.8345690788154848,0.326114419663876,0.4187666407703937,0.0101161238637509,2.0393937628407487e-06,0.0038583675179942,15.34362727260539
0.6975308127964901,15752.73697528321,0.9162179356653724,0.6979276756050973,0.0815378058946576,0.0814912794263791,0.0100001217630723,7.3897257339690224e-06,0.0063603149555567,18.50530224434041
0.9933454886875214,10332.170910968647,0.1000650237357272,0.800136367872841,0.330089444932978,0.569184329050712,0.018486126155512,2.205995058018429e-06,0.0044684832738829,14.923053362268371
0.7219354069960542,12628.810055621689,0.3404867930563294,0.7690519114244474,0.1175811344643164,0.2247660110166049,0.0140200844364185,8.494231671778941e-06,0.0039805955553314,23.660685158552106
0.8976688366545054,1679.7119104883652,0.1049072749645117,0.7313971344848834,0.6908231396944103,0.5493595589059177,0.177693033788854,1.2307038884722832e-06,0.0046490565487964,18.57217922414434
0.8646591134138008,4179.720044197309,0.538491950070977,0.4845111746171935,0.373248032740422,0.6111036072063554,0.0104158777284427,1.6917790570155475e-06,0.0060470383045856,17.83235054328616
0.6103116804584927,13953.454970450224,0.1006859148170357,0.8187411737397536,0.2100066789028529,0.7246653035056141,0.010003473719526,1.0053777486073449e-05,0.0045143518642732,14.308923567029176
0.4469863532658498,114.6916643392004,0.1012537393839222,0.4988697127129458,0.6888420410615562,0.529405178188394,0.2724057747314538,1.4001301917680809e-06,0.0042558383777951,9.272112365141547
0.90708914855519,5094.200110650955,0.1017104294115085,0.5712418532097326,0.4857392875309099,0.7887638539678961,0.0338429164442267,1.6307918524699197e-06,0.0040344726574664,13.67439431908462
0.9735725159094992,14245.000418431831,0.5970998061561071,0.6105581818156836,0.1348067651206113,0.4120071691672107,0.0101622049389406,3.6953869656365968e-06,0.0054012264363377,21.97900547145504
0.4992916115180957,19560.78963088008,0.1077369131148542,0.9447389669388208,0.1177868445304458,0.0368733948536435,0.010075449078189,7.203890733915311e-06,0.0041409114167702,9.35430202593999
0.912792959365451,16054.851442551724,0.4622007092992096,0.5382774451074754,0.0786886502527794,0.4454541540091765,0.0110060257372937,9.514508284123337e-06,0.004316239068777,16.595123831311817
0.5660870047792894,3255.183605931865,0.1143821249413618,0.8719188699830209,0.4426478400075039,0.9036360820041484,0.0851933009892311,4.5605442253948525e-06,0.0048356789925097,15.17215608369085
0.5312798959226916,13865.061977891846,0.354185337043946,0.9974870444755768,0.1737352979267025,0.2470267225122691,0.0100001018017751,9.121745104535612e-06,0.0046591157010219,22.664953718522103
0.8207102425393904,10483.987603390608,0.6424751981164599,0.8579901653198091,0.2294140028813992,0.5081596379093615,0.010211754444124,4.405004382313406e-06,0.0055037902253302,28.081336906635325
0.9554803103311932,3084.707499418464,0.1339883263563741,0.4241654314747891,0.2105306536933554,0.2810103515496171,0.1061169853688564,1.4265234201432609e-06,0.0039726414479109,10.845592302081135
0.996239673244298,6394.9565684849695,0.1145556503718805,0.3895293220657315,0.1674406973808997,0.2949423165012676,0.0324181088909875,1.6897221974316466e-06,0.0036585867782201,7.333737618394813
0.8540591938556273,2215.176063269144,0.100991799375551,0.5919373439637566,0.581668439400078,0.5201871846251468,0.0859343179439954,1.2579737078092249e-06,0.0036550238791074,13.30947832045319
0.8317870275122463,5187.9657972608375,0.1007114936141508,0.6744731654184187,0.599508543946403,0.6874306564128059,0.0119112724430005,1.5514220261928234e-06,0.0036365810326727,10.839069197996258
0.7030118153505557,357.3491197863495,0.1000103278812014,0.77901541216776,0.0100001514877866,0.714483137608594,0.6801842091882644,5.986218457934887e-05,0.003786538207443,11.443161935930588
0.3121706269420088,12910.28305531177,0.1000802432943395,0.8533505109778331,0.172774676351493,0.0861552720425407,0.0100000101229998,7.497538645474241e-06,0.0046132946283455,14.91399705326316
0.999999268950172,9897.715392035325,0.1000215663652731,0.9006001078389967,0.3614777242289445,0.432952263704259,0.0151602751386505,1.9889888325780603e-06,0.004158399404364,9.466120697715928
0.9804166633373584,16870.25768963214,0.1016887103979985,0.9891626800919948,0.2027247839618259,0.9224954640930298,0.015854966413548,9.539327292310326e-06,0.0045766478904232,21.501243072125547
0.940168261136784,7100.5857669815005,0.3026276335058456,0.5877503543035644,0.1683895633308222,0.0138696658807792,0.025828799026722,1.4352311375961676e-06,0.0042681729605341,17.34691013960805
0.7491764722677315,1622.6280352520148,0.1010522669990791,0.8784601355275086,0.4039708273479536,0.8910781817108194,0.2484292680732888,2.677221355150438e-06,0.0044562452284312,15.524297155520532
0.8263484666210985,126.494052600939,0.2727629481711378,0.948720806022513,0.0100035734662285,0.999816375986614,0.8950879016129606,5.696943559106741e-05,0.0052111993040854,10.283649967738342
0.8651384189606223,3943.253304515117,0.423509971469194,0.5236423437703018,0.3199931010914656,0.3622133933310806,0.0102148085948056,1.6253901792373056e-06,0.0045060868867315,8.927020570446919
0.4408644512555127,15957.479015640476,0.1010820089505575,0.9076275728382988,0.1371447752859397,0.071716841959514,0.01,8.028483973426797e-06,0.0045269971601165,15.99566677688454
0.7966534262787742,7938.40376259278,0.4978666348207115,0.6889061985202857,0.2218624516926766,0.2982423208433645,0.0100485762144635,2.7021418124663217e-06,0.0050495149129004,20.426626989939614
0.9094633808765954,10189.850499233096,0.3153140552430127,0.6569325442137353,0.224303032851848,0.5222005077035078,0.0100361646376283,3.0191559467325026e-06,0.0044378198402616,10.977438581811954
0.9987883201540556,1477.158374778688,0.1114319174169309,0.2247135827703497,0.0648384993290946,0.6134224004249367,0.5206251487986775,1.9766638781039404e-06,0.0041665164751845,15.43657727840471
0.7956847974536658,19305.89153582853,0.2604804893087183,0.7788247757416253,0.120563529868794,0.510852455843253,0.01,1.0391049872214122e-05,0.0046536216328584,20.05541379566169
0.7073787699253619,9668.809474038771,0.1019603316102092,0.4246404080193962,0.1362668808631354,0.9214313177255408,0.0260541550663309,7.337286256447078e-06,0.0045572906985417,22.69483851786003
0.6799808415711263,220.404276681252,0.1030869520472355,0.5034898629114989,0.7790223710488631,0.4496864122354355,0.3002571038266999,1.053637260335569e-06,0.003991703803159,16.70752476316339
0.7307262953156142,3075.088477636188,0.1050491259079469,0.562785183140973,0.1982088276243891,0.6280718932632641,0.2078781110340191,2.972751104842714e-06,0.0050651001935067,28.382302546213356
0.5828180474418142,12378.720106718323,0.101651010354042,0.8973049078373897,0.2328469469376643,0.67010779003799,0.0124074071935035,1.0741070565449198e-05,0.0049670660649288,15.41609299892238
0.9906368259625792,8897.564308368492,0.1004671587984379,0.7300730870235026,0.2982297456249975,0.4441959264409339,0.0357433134680651,1.932418388303056e-06,0.0047179513079495,15.847200295945472
0.6157413783137355,104.7592971644822,0.1346850047363474,0.9105744448564052,0.010000168449304,0.9568050299562452,0.9999935984223336,6.57268944977414e-05,0.0042582257306952,8.54360440393359
0.9974269727331444,6888.320527272566,0.1000836179849401,0.7910535497836036,0.469714408815704,0.5679317922936153,0.0311107280210768,1.747444877614857e-06,0.0047659765755186,12.874826419835989
0.9463958702673954,8062.603898215228,0.1070826638255471,0.9665143609916168,0.3831415599292436,0.910679486219549,0.0728920196172155,2.978644871582377e-06,0.0055215011821026,22.396087842541508
0.9993613901802216,11062.810963422551,0.1000042003713351,0.7571819791032621,0.1921586554818632,0.0551483937536318,0.0266258824634734,1.5988575113295278e-06,0.0044949910776897,14.503023618700592
0.9884121507787876,6721.197500405083,0.1013767666601919,0.6364303051048615,0.3516751711448423,0.4679071971786436,0.0249048908433529,1.6630022265504414e-06,0.0044624889729378,12.468203333750354
0.4146808146044669,19677.2920189088,0.1,0.962391878503998,0.1140496027918746,0.0100145280306838,0.01,7.779051922047394e-06,0.0042871585073161,16.45492406557654
0.78012781427734,18329.239390288178,0.2053753991006423,0.7004431006114591,0.0986617867497094,0.3689811069826477,0.0155914644669025,9.421226487758104e-06,0.0048476075975663,19.64502198991841
0.943235145429179,5843.206848405058,0.4049282909872861,0.6950624543990985,0.479398172889322,0.6685020386883822,0.0101309663591525,1.6685906549188996e-06,0.0051070037012889,19.67703763983679
0.9756862285170456,5559.811315723333,0.1264300543645306,0.8064265986320763,0.2274190232068342,0.0100497368323569,0.0779951094613641,1.3980488605577843e-06,0.0041225976578741,7.474881307307051
0.3882703235569681,14328.171967025171,0.1001838623482232,0.7241431044564531,0.1290010612240238,0.1253407854069912,0.01,8.59574236148358e-06,0.0043938089398284,13.20990835928467
1.0,100.00000005518925,0.3850140203927858,0.3335436143589285,0.9687427832800508,0.999999999999999,0.01,1.0000000000000002e-06,0.005295610734701,7.376372913170285
0.772724292589387,11897.864474477728,0.3701071247672636,0.6287150525761994,0.0829829807728173,0.1156208777998372,0.018286339045867,7.379138262167511e-06,0.003557955960437,22.4333463098161
0.8653980379197781,9374.940188328244,0.103553669771068,0.761385288658498,0.3761464123581175,0.6561273501547378,0.01000638406047,2.277444629753672e-06,0.003559222035975,20.062084872736595
0.8267733256099079,100.31703515525174,0.2114733229060436,0.9997345568847344,0.0100021989918531,0.9999691597512166,0.9999918723334714,5.4670963227810064e-05,0.0046051402311761,20.315944659766377
0.65831228012275,16194.302661923772,0.1339622258736326,0.9271824509898778,0.1392442814385062,0.2395515473468681,0.01,9.619943301630655e-06,0.0036698012193181,20.455568489405263
0.7280771774294863,176.08964528167985,0.1005546651761173,0.5583363541254853,0.5880489480473418,0.7989320341809829,0.5664961432819963,1.2900993366216594e-06,0.004079953243101,7.8437261629707935
0.9900819841775094,10035.82213437305,0.1019556352829246,0.7962678459661753,0.31878793076716,0.5399943279272225,0.0246854187267631,2.1526437608187538e-06,0.0044319892707814,16.43408944518494
0.4972789631860062,14742.037062731291,0.1019732038823078,0.8835092428173604,0.1383729149666296,0.0944786863801221,0.01,8.081675389701027e-06,0.0040965674685168,13.40345539124827
0.5263482681408778,15963.40101604463,0.1000363629556654,0.7734831913085692,0.1361965707869848,0.2970936191978617,0.01,9.848349355453144e-06,0.0042172952663044,23.276550231428075
0.6253741827863317,400.1671732249295,0.1000011927878038,0.9334403480326856,0.0100049003508108,0.782516075966148,0.7870761843352154,7.359242079517461e-05,0.0037925264212202,12.23767478598676
0.9973906426701128,100.09134533470208,0.1613092300366666,0.3965272594728492,0.6562690840200724,0.52883476714607,0.1471467457946233,1.0013179480237662e-06,0.0036521818009703,18.34164689781977
0.99503759600078,5161.872217876287,0.1000007271966657,0.6450924036347246,0.559740689095707,0.565638236278639,0.0100026998075125,1.3126441570798777e-06,0.0039639109895109,11.263611346810873
0.6234522630979928,12688.245476385891,0.1012560104488601,0.909014188628217,0.2608243635775691,0.9371500685502244,0.0117500446659118,1.1648724437085948e-05,0.0043136360315317,13.09775208395718
0.6261881715763362,13775.700820451557,0.1025560292732229,0.771649634426729,0.1907563855095252,0.6638645587172793,0.0101147037550653,9.44959570190246e-06,0.0036289159307893,21.39106391561189
0.999995055011148,13787.386945222172,0.1026171528037133,0.6236317882558208,0.1252429983325,0.0576013459754335,0.0242598613831563,2.0244966973105943e-06,0.0046423660254274,12.484145842653104
0.9997146792689376,10199.812498189229,0.1000890232938181,0.8746415621309405,0.2621584156120914,0.1610632658371232,0.0242560434934817,1.7752734716761478e-06,0.0044410747151176,9.143063065120469
0.6435599961316477,109.14622822272828,0.1828860479449262,0.8996840324077211,0.0100038660689799,0.9766476854907024,0.9999868329893016,5.876595012689379e-05,0.0042248280485938,16.802264833282514
0.9999595600306804,9724.696855247606,0.1006011971257092,0.9018893495123552,0.2495902943632706,0.0752608736819066,0.0281846712425871,1.617885132397824e-06,0.0040140418395088,11.784900085806948
0.5363015126114161,107.05071238216874,0.1721894805134117,0.7274955276496027,0.0602193108181059,0.9995498658683702,0.8418142792277405,1.0814491964191764e-05,0.0047007297996133,13.979533461588204
0.6898484180133105,105.77417883078998,0.1506855549252072,0.9861752965791744,0.0100001891573686,0.999997636877024,0.9999912330351322,6.125596260382889e-05,0.0036651915280551,10.102285299299323
0.9669293688703348,3630.6767939624815,0.1021426484373037,0.5932825210936545,0.3428438455227392,0.3364428096788175,0.0959516266063901,1.3918134583077013e-06,0.0043465057313205,13.563455292820846
0.3386787873950228,147.88530940126694,0.135635208135678,0.9492040658756687,0.4628248091424963,0.822297253999726,0.4126619283826066,4.22458020736084e-06,0.0051093194925503,10.656757540680047
0.8903858337882549,3978.63399150281,0.1001190894906068,0.2908950705307336,0.3892694671204609,0.8500877022497744,0.0104457388875563,1.3009892796976586e-06,0.0034980944029435,10.244986438803458
0.803101698496114,14010.442935926214,0.3554996421575856,0.4263246982348085,0.1198894457968562,0.6238634132996242,0.0100989980888688,4.356655065751419e-06,0.0053490170042821,20.695614612820847
0.8681322343416198,1705.1605572035762,0.1009695540461455,0.7710369276930729,0.2627547628951454,0.9325483965356608,0.3496047009286781,2.764284483855236e-06,0.0044365614258454,17.737010870390296
0.999857161981346,1054.2921782622373,0.2156070087977386,0.9047654044095288,0.0100004176549624,0.8598217927607834,0.6051610855001142,5.93897694687023e-05,0.0051094593701832,8.48722871857604
0.9976557004571672,11373.51226326162,0.1001963061137599,0.7513179609136882,0.1776525643340906,0.0100374754121051,0.0238210477513225,1.4440923915486596e-06,0.0049493644222342,24.330306630418367
0.4715002853490059,2373.355541194649,0.2266071036731709,0.6858927163293765,0.7028018374648449,0.3536650713824375,0.0100481813270873,1.6615859711519947e-06,0.0043129941596727,14.239684424467644
0.7588452809680886,16782.231947160475,0.5055906695694912,0.6593897010117156,0.1164622878298159,0.5085832443108097,0.0100005256847695,8.484450263153924e-06,0.005332737764438,21.627820523429246
0.9909659607521532,221.9255721447261,0.2481125444396098,0.8958091895965931,0.0100004121954698,0.8139708108105366,0.6822396876057475,5.350650365601505e-05,0.0045427900332127,10.492416109566552
0.7821652982834407,2305.591686809689,0.1583784401431116,0.4093520103802946,0.5541633601231112,0.3092715712085742,0.0141802986385633,1.0234405919201406e-06,0.0040907407111493,11.561250562256744
0.9342686655314816,15873.016901219486,0.3727267188035814,0.8289298036258365,0.1952003133267794,0.5191012081442223,0.0101963282242908,4.122669071157449e-06,0.0048663589296031,21.22137008841037
0.3246168448419773,104.08523558525056,0.1003033672901843,0.9999979272415972,0.1372159899529755,0.7279016711130799,0.3253185497361397,2.2458424418177544e-05,0.004743065421646,11.422939843269551
0.6283083168652585,857.53103843753,0.1026678311567752,0.8881589937959627,0.5947326752396038,0.6426589134144898,0.3628269637543316,1.8239373496405569e-06,0.0050804499228046,14.609688449369434
0.5480424080690126,17494.927494767926,0.1000010177628989,0.8812211532923788,0.1215488426633983,0.1197712988936112,0.0100000096053829,8.691180774089976e-06,0.0040902607847823,19.264041159518484
0.9998518188400932,3484.5559479588164,0.2020458570584142,0.5366765693914025,0.4418093667749417,0.1592415863145941,0.0100000258069394,1.0000122394498956e-06,0.0043629803788914,13.54518807568812
0.9930737000771064,9993.927281576627,0.1034382673099323,0.3961214295312123,0.1141215339844879,0.1168423619717596,0.0287529526027528,1.7008485541147628e-06,0.0047458827571385,17.54403565837858
0.5118982096254054,13198.88852818757,0.1000174992376898,0.6463488061483633,0.1325387328008062,0.3301551163035728,0.01,1.0052961192541551e-05,0.0040889832281287,18.86339527709749
0.7786662915466193,1695.661961104138,0.1008388336950672,0.7741666560226079,0.4031127720398247,0.7158224681091249,0.2703095851495586,1.980637492533208e-06,0.0043036115270308,17.006626608183495
0.9164328645953832,1134.748622399276,0.4071919955046594,0.4933212680652533,0.669556133366491,0.367273537875272,0.0100019028530879,1.07506859319604e-06,0.0054520247562173,6.617188744431653
0.9961195643151932,6194.509091751685,0.1015226824451561,0.7259107046128869,0.558152577662077,0.692704935403108,0.0100202010247659,1.4953464489211092e-06,0.0035178953829383,14.15294053823361
0.390640979069716,105.14851928271622,0.1180783471574204,0.6133014408228986,0.0170774027680192,0.881057633324561,0.5597584549954454,6.146178208009951e-05,0.0043649265888043,13.989744393520049
0.8066986536883473,11885.802175552628,0.1389108940656874,0.140273539527096,0.0201501187931533,0.1823842098512147,0.0205759091731338,7.63379008785164e-06,0.003973888669819,20.92731906045751
0.7559802198801451,4415.246154336347,0.102683807143151,0.7506154349361248,0.4263322921542629,0.3514054110459512,0.0647600559661546,1.6957080228002268e-06,0.0042525391274253,14.577585802692727
0.454372696870598,14951.084254314072,0.100136003211053,0.8561889599129441,0.1376563978284832,0.1036865945660117,0.01,8.614938028886576e-06,0.0047470959276417,17.989841269191416
0.7484525644000379,1585.6839458365298,0.1034472158950741,0.8130713655084528,0.4833344508477041,0.4951561353829285,0.1501674684812829,1.8235063949661225e-06,0.0036141681263456,15.76507193631552
0.99998637892231,11576.09078199386,0.1211311377412087,0.5715537165049347,0.1680869900417968,0.1981337004736611,0.0100009427789873,1.8845151285023936e-06,0.0042181685262378,14.342184985427236
0.9573845598895908,5403.297476707105,0.1002531315796735,0.636475981362323,0.5428592626808398,0.5414043748760494,0.0100198497411754,1.3591576849320571e-06,0.0041687634909922,8.614502318287947
0.9098958128215564,14584.091263117372,0.4305172202239216,0.6960884627493628,0.1201905131072644,0.6095234915545402,0.01013174463501,1.0053709285361447e-05,0.0043020808353575,28.600671867075608
0.9972226563068024,14639.1260829126,0.1062385773741842,0.8986442560029927,0.3083551718266855,0.8568280584970943,0.0169259076652235,3.237265994552985e-06,0.0049493639872001,22.365605140711416
0.9824539970853376,12954.454859720809,0.2993476323084802,0.9509114223040818,0.2917168599367458,0.7074595413121287,0.010080232729253,3.453678358168072e-06,0.0037520095842298,13.56386881690917
0.9890925461522924,7916.884087754252,0.11599804827545,0.6337766273848552,0.1671434986423254,0.010188090049272,0.053729064654855,1.3806471648843576e-06,0.0043521735834488,17.047720547440516
0.96675279128538,11806.558472111185,0.100581673499663,0.7740705932781895,0.3189632196996628,0.6722153497258228,0.0143920277897116,2.506157853148126e-06,0.0052253910858723,21.11518319345045
1.0,1734.0463673170182,0.4920709038361291,0.6072644595973249,0.480577327390485,0.0979852349330542,0.01,1.0000000000000002e-06,0.005451756064134,12.806737617485716
0.6764434236846371,19711.26503463309,0.1073350819971645,0.9380480505408944,0.141166651566641,0.3684593193224572,0.01,1.0002408755736685e-05,0.0043452764006503,23.52597533755949
0.6418321562974537,11919.95546084628,0.1005467158714728,0.913145344897692,0.4676773933902124,0.9991086347185254,0.0103106193225914,3.874524697317303e-06,0.0069323737221486,21.622558991774277
0.5712613583121294,133.1132094041397,0.1670990971846279,0.5708463630662264,0.1178456961131829,0.8064393647093194,0.5398813551728072,5.11172271219222e-06,0.0042958006099073,15.141914822350843
0.999999999637688,979.1136022996076,0.492815132629355,0.382270897668453,0.0290272345156276,0.0355296699267356,0.8038576159323687,2.4425767681683475e-06,0.0059808824488164,19.68238814501443
0.9723600376249862,8776.09685226962,0.1047312958856421,0.7561898086201759,0.3953784739104191,0.6804946956687348,0.0169638284590003,2.0165813113849726e-06,0.0044902319146817,12.27069070492755
0.9456832069986784,11558.288652834884,0.5069969336063741,0.8749166369449153,0.3380231934371356,0.9042374326438332,0.0103642732760704,3.3479385673894937e-06,0.0056161187415199,23.392495298731955
0.6309253318582541,19757.53425693865,0.1023140822803109,0.9906598706640362,0.1655468875766108,0.4908030054050449,0.0100000110606977,1.118996574784081e-05,0.0046800448106051,12.712013363902834
0.9736243249289585,11595.060749405266,0.3608009895988481,0.5635132104066473,0.1768276512724756,0.4587860771613387,0.0101265781356414,2.80485029956496e-06,0.0047555618679024,12.579559692795508
0.4674271822056104,14816.041717195843,0.1082476028096167,0.8364854710433727,0.1440077650336061,0.1749634782095724,0.01,9.01462946575991e-06,0.0043817451364033,16.75000909444524
0.8028585547073708,894.0288423732907,0.1002840619179177,0.6460350880531615,0.7064136380051742,0.6432093171086056,0.2602801467651278,1.2140880518874651e-06,0.0042657551555876,11.576964880572136
0.7647742191902145,11595.086421232629,0.1006623081993591,0.7728424527874604,0.1954648725015028,0.7551210260869482,0.0210021247845436,7.899708297879668e-06,0.0046479615383659,22.121136105331484
0.9044744761359278,6297.226771761582,0.1018373273351112,0.8815471227501303,0.574200900864179,0.6259055436047753,0.0243969411517105,1.7347942572063734e-06,0.0040815819048791,25.0802002210374
1.0,100.0000000002446,0.3642229993588498,0.3583740258269521,0.9781962565461804,1.0,0.01,1.0000000000000002e-06,0.0041680099405752,11.199825642177752
0.645343932633599,104.75982379090976,0.2057480135357195,0.7641976203221338,0.040101780091391,0.9851967614129024,0.749960156411812,1.5465602410526866e-05,0.0042657056660737,14.394729110929855
1.0,100.00000002402204,0.2928177188080187,0.3269024689398876,0.8543349724885049,1.0,0.01,1.0000000000000002e-06,0.0037777225014221,11.59102385279606
0.9109008222775764,15095.06112359768,0.5504423298303663,0.9517471800036448,0.1837268081343287,0.8214556274655623,0.0100000528369603,1.0896328327490418e-05,0.0042601863484444,24.0867279612428
0.7662755770890902,3474.363035556683,0.1005852955137071,0.5652551824833245,0.4132634241626487,0.231296097451686,0.0692035462525687,1.3294015484547684e-06,0.0049394587011141,12.303739032631716
0.5048013050779183,1394.6900444171413,0.1143039185038614,0.9117500696744903,0.3798859798811651,0.7407456718043427,0.2644471386521505,3.7420946523995774e-06,0.0048324897514273,27.696892967484786
0.8348684752904357,17804.509098610557,0.2662980837817307,0.7038139074944381,0.1046193402832663,0.4624699309417088,0.0150530320305032,9.91519591320064e-06,0.0050980079660813,13.342814980467844
0.7051186037032514,444.1128632713278,0.1019276154263933,0.3164473555025666,0.6900669760073255,0.6687903833362169,0.1251765034348473,1.054266561071413e-06,0.0038580006837163,12.187522767110265
0.9988422238857404,7464.874415145292,0.1011387701331576,0.8710474144443865,0.2298206347987006,0.0161846607133597,0.0729367047461167,1.3851684386791554e-06,0.0041257170454243,13.572266572913636
0.9993662782553902,9626.71628748091,0.1001798673329134,0.7901173831102994,0.2286544800151449,0.1098393919285081,0.0287166922631285,1.6318109352341715e-06,0.0041523249284115,20.689600902860526
0.7489550909178154,18952.648714024657,0.6563549319989319,0.3847448056682862,0.0475876308377377,0.206579624011741,0.0100010564605331,7.955419709763346e-06,0.0050578491645047,15.987534121002588
0.6875066522199959,1807.455797635588,0.1017342750103609,0.8258256214865842,0.219164720494813,0.5672293103045847,0.3646842434506484,3.185519637309513e-06,0.0048958890759019,12.480505386815835
0.8116239610232365,16602.7111245121,0.3917984465536784,0.4970169878569902,0.0566370223255223,0.1235624483680648,0.0174891053098811,7.59925715689901e-06,0.0048251631799722,25.6033879407054
0.5249291797299348,11834.183214572393,0.4388951348884825,0.9897621986771108,0.276036189367997,0.7208982335308435,0.0100063766976934,9.375496044474484e-06,0.0056815250035962,19.924086603994425
0.2788718365393667,12813.63075444584,0.1000108509622963,0.9006375394224702,0.1643553562297787,0.0269126588857701,0.01,7.819334645441868e-06,0.0041869798653734,12.472754219098684
0.8763949183056641,6307.905143708358,0.101269380608467,0.650237937238252,0.3779405027503109,0.5201110070444168,0.0282344430717796,1.8775299433148065e-06,0.004394022977645,11.899994090615444
0.991376271673266,664.0064846630228,0.1002074301238949,0.5218729753056687,0.242002593322696,0.1828064479659578,0.6364643882102927,1.0751676925966502e-06,0.0041068143548789,15.43962537970462
0.8639866108681054,2827.7011066836085,0.1020878260847734,0.5762670264899575,0.5327100371733695,0.3793070076121614,0.0705487492102295,1.180438150819492e-06,0.0041144020264265,11.8804409569551
0.9999999632854852,5311.477794998418,0.1000000000002807,0.776042300991617,0.4910865966336979,0.1489843909055716,0.0100000002374633,1.1128081532563056e-06,0.0039967282500113,12.658870212486294
0.6774672486084797,112.0749503239078,0.1223247776092946,0.5996160660408858,0.3928610095013713,0.665773877815686,0.6076987705234572,1.5133401062256292e-06,0.0039396554394092,10.600242693443285
0.7410755814953481,7437.732639724355,0.5758930100749042,0.4526909519431765,0.2211657581548584,0.8863790123583101,0.0108605204761882,3.312158818148709e-06,0.0053084887743629,21.54193999442072
0.9562463922157536,12461.590431654602,0.1033252523511712,0.9075131806371856,0.2430108694284132,0.7176138107279865,0.0260775758471265,4.994990160462418e-06,0.0051224200999956,11.78417762827149
0.9447115399175962,16447.52043851345,0.4567111344658058,0.4048199922024996,0.0470766658083059,0.2174990361059639,0.0146670962088338,8.436056938065853e-06,0.0047652407046103,17.402897105924918
1.0,1921.9569764989844,0.2552177977496554,0.4740524981266031,0.584453599504352,0.2915885407344761,0.01,1.0000000000000002e-06,0.0041400049633806,14.429235886006374
0.6897002095443938,16996.721470793214,0.3229007856562263,0.475422537690787,0.0727299872539931,0.3329022424883004,0.0101079648652273,9.497520478869184e-06,0.0044600402839037,20.56844359282356
0.6429221049523269,16522.92153601109,0.1008159260199222,0.8775786862433661,0.1372667694478763,0.2797597618130609,0.01,1.0044508405881612e-05,0.0045724941878413,11.788166911979344
0.9641485008297184,4824.2774606857,0.1003618000967325,0.9180159020240428,0.2545750207969828,0.0100173093419886,0.1520356427920931,1.3367831991379158e-06,0.004386728882039,13.692901857031654
0.9416451999600396,6343.697970962166,0.1088270654458314,0.7585798969883858,0.2953443639183113,0.2467443924797802,0.0599902497469703,1.6526673014354992e-06,0.0046193008449295,21.113201179704483
0.759290222441827,4004.7800110805824,0.1030639125201716,0.5324167649413838,0.5735822475199639,0.6876700673312314,0.0251247438284729,1.416377881315506e-06,0.0038779229533715,14.88663267239485
0.6943240695502212,4362.042947267492,0.1007997029830881,0.7482851338949744,0.5769667106013844,0.4301559544851256,0.0298987927815303,1.6289179114788375e-06,0.0043287079555292,7.097243123084687
0.3195164520099127,175.6953648114418,0.1000053757722383,0.9263003314037194,0.1361639279450565,0.9999741903724586,0.232955050362376,3.3722960507532126e-05,0.0046059626399126,12.520771288085744
0.6273030682307796,15398.651875354735,0.1050536494277523,0.964078558901216,0.1496461299420548,0.2188345983445586,0.01,9.318829617196736e-06,0.004174647185553,15.625371808811693
0.8745035952078517,2195.1553108265653,0.1182385385237935,0.9820088453690804,0.2939214392472094,0.7593405383882,0.4247797621876792,2.660252567340542e-06,0.0057239497909569,13.888393598711197
0.6704352794595876,934.8209532581668,0.1009205296055018,0.6199746540375062,0.1833991050274454,0.824027378732027,0.7185124138273127,2.538855473207389e-06,0.0046840125228063,7.681214775127169
0.5299945777893733,14993.246127538398,0.1015070607675556,0.9248887794686071,0.1593285767023149,0.2327795087998332,0.01,9.34811820067059e-06,0.0042390986027394,22.585364147214538
0.9794350984738192,3147.221768820638,0.1056021238313215,0.4479508191988879,0.3107631619861188,0.9356807949581264,0.1030331081239688,1.8281144847940205e-06,0.0042219303861241,15.157039560727094
0.999802711281306,10540.589390276851,0.1245320544124928,0.8160837900167554,0.2330019630695566,0.0869366045823589,0.0104339127339508,1.606932534868613e-06,0.0038129881601539,23.22721898928534
0.7687528434107308,14509.241134101185,0.3727692620714524,0.877462212204911,0.2374284163499233,0.7492396595810183,0.0102375025018043,5.612691385507136e-06,0.0048369997963373,26.155612103760816
0.8748523625504989,1801.896196720275,0.1039342749222922,0.7509607815779176,0.5566001696288478,0.7424669668755227,0.2048309352117529,1.5314343181964992e-06,0.004090053541317,18.8074966337868
0.77971846586307,9894.335229370608,0.122025700263145,0.1646098679444703,0.0237816020448145,0.0957685884389228,0.0275529048045311,6.647142624595921e-06,0.0040753824710617,19.926188858729592
0.5980964010455404,103.7579956196354,0.1673070913217264,0.6704911349119395,0.0473469877906346,0.5855520973583438,0.6016652042806032,1.2689094992348648e-05,0.0050874506616794,10.74244017355944
0.4975814658466184,13898.762405644167,0.1001793070769341,0.8272044863461381,0.1949510162870887,0.5270389092288278,0.0100000000503713,1.0629011955041e-05,0.0047036335816885,18.903805439096622
0.510007518623238,1667.3608222151904,0.1076126552963229,0.7928767173266059,0.3823865825380707,0.7738968304214202,0.140164788054333,4.365005199576859e-06,0.0044556683150021,14.499527339121109
0.9999975699176912,10653.75158652591,0.1001026615827236,0.821084242948303,0.2518259075996857,0.1832276034837364,0.0162593096965426,1.8458000599820065e-06,0.0043813160594023,24.005035168724778
0.99987045480937,11531.758470559946,0.1002445303249301,0.4893191311099441,0.1441726024281617,0.2049864737517628,0.0159691299095527,2.01669631885233e-06,0.0049719283598494,18.53967402892248
0.9997695933593078,10109.8138907749,0.100237448369537,0.823360023571897,0.2569099679292033,0.1974577222531005,0.0271635252065188,1.764831227265275e-06,0.0040985376458555,12.319289458775645
0.9405277719859856,19640.909525843366,0.110208043277689,0.905676677795104,0.1736192854090683,0.7833197495400568,0.0114787560731077,8.745340576968346e-06,0.0045110939792315,9.896147283059571
0.8730891184916819,2183.2230997896622,0.1076493911121589,0.4046298427389634,0.1947745815654132,0.5881633456748259,0.2128047198532953,1.897060951384619e-06,0.0044303661279505,13.874256018405346
0.9262114702716756,6561.923556198524,0.1054803060030323,0.8243428241228202,0.5268870379675777,0.5996069800310716,0.0249793507284632,1.6791604382886635e-06,0.0046383985182053,15.762221850168812
0.8806476899107311,14597.317807890078,0.395159743978837,0.7706311576262312,0.1541174721948402,0.7717668738224455,0.0100200852256189,9.95414715103706e-06,0.0041869192585436,25.24292103878924
0.5198848767991952,15159.761693027524,0.1000590844425226,0.8737990585498435,0.1426366062079121,0.1747356132732486,0.01,9.367076845137087e-06,0.0042449945785468,13.9529727307505
0.8997867742013981,10876.224452975095,0.1024044493165037,0.8921633056626438,0.4198637815034777,0.92173564063957,0.0137785242424758,2.9456909396526743e-06,0.0042340481285141,16.79091307362236
0.4924336072541111,136.63463379276428,0.1229192303939183,0.9902745671750138,0.0100012917845107,0.9999766619739074,0.9999897438997798,8.656943865545783e-05,0.0041052832158932,11.759174697427165
0.9233250908266076,17355.254545225147,0.483930454052548,0.9458944706811484,0.2031506298472503,0.6249264872930848,0.0101555751949512,5.361589325923802e-06,0.0051177615983742,16.23441372096075
0.9854542926714828,4878.736712654397,0.4543863992058541,0.8404208461875409,0.2542552706176368,0.010080843950498,0.021310749883873,1.3993936373688466e-06,0.0039434864059825,12.471332215789468
0.986214077241632,15561.477146176294,0.3912986807954307,0.7196023949231387,0.1803429860553193,0.564355615565302,0.0100761442319271,3.645731879802113e-06,0.0043289813630911,16.10400466286726
0.6090555582923454,180.7726608577422,0.1454593966887352,0.3981276245138103,0.0100004174963582,0.9638933076518512,0.3684427531867061,7.261828247742521e-05,0.0044347691069965,16.905544131880898
0.99986521678518,7936.85991730611,0.1003321318718446,0.8379745392191909,0.2549273344621074,0.0875043375964817,0.0463869372570131,1.529406959251572e-06,0.0038661891167949,15.532616450580347
0.9999972668758196,13911.207004514345,0.1001002529732566,0.9471350652562468,0.3326466874245582,0.8157644106061916,0.0180590672747392,3.106764452980147e-06,0.0049154815144832,18.540179722336926
0.7668329970129808,15900.363812095193,0.1687000668901841,0.8691372307839688,0.14230715907982,0.4250742945768366,0.01,1.017418858462772e-05,0.0038718720306077,22.88533672784897
0.9999999999160564,5256.882510052802,0.1000000077225456,0.6894195433293244,0.4472067712724006,0.2302297536649538,0.0100000000521433,1.2131820234808096e-06,0.0037745942149077,7.109624458774008
0.9813387645688249,6925.625275383394,0.1002086906020933,0.3798197726510897,0.2320664998750747,0.6905507609225621,0.0203203703160189,1.8825829272227476e-06,0.0039043229372561,13.531660404638028
0.5931546673721122,14959.42982066244,0.1647643604734973,0.8376355180338874,0.1394025704490286,0.2664043150164257,0.01,9.230649955335778e-06,0.0037834363704557,18.689342015362115
0.7374145875009848,17330.7328495765,0.1307795098190718,0.9088516492094648,0.1969771360053098,0.7741778931067625,0.0100000008063151,1.047532713950734e-05,0.0048264995562471,20.11512722177873
0.6588731794468184,18846.920598774614,0.1033718496001924,0.7629207917741616,0.1265420458068201,0.4562410104889812,0.0100000000000049,1.1100545419724134e-05,0.0049519258683038,17.4580496215601
0.388506762386013,14647.076741670646,0.1013515031971014,0.9667766774644604,0.1624331071310505,0.0820133509003901,0.01,8.150946373121716e-06,0.0046503198999649,17.312364705137675
0.8675986791467881,7892.387013502014,0.1044154129847376,0.7727688792314791,0.423500636219579,0.7086186428205523,0.0273199843683124,2.136900512065834e-06,0.004264867041237,14.09370560002214
0.7796116666781447,4542.048182074544,0.5011682438405684,0.7315015533359677,0.4688883040801088,0.5720384367357896,0.0101482542502257,1.961043532836274e-06,0.0053761560766858,13.70037609529862
0.9999975411095292,9430.53540149451,0.1001834171677071,0.9147272462548476,0.3560333011808048,0.3566308522462265,0.016565748597911,1.8983028946595136e-06,0.0040739610245802,12.435259623974952
0.4207783603550861,16430.421537813996,0.1053087947430397,0.9592045365854928,0.1252797077692093,0.0100697314133463,0.0100103465376073,7.52604917969753e-06,0.0033951407326843,10.61712860708306
0.6878316870881701,11771.786966793868,0.1033725230202747,0.9998785570560348,0.4472832804709529,0.9830721666532246,0.0104724454926818,4.042299802209663e-06,0.0036674483983298,28.71752191611051
0.6047968618481608,13741.822907954924,0.4447620085378497,0.9645434785413076,0.2382194349551055,0.6742400594821264,0.0104945596075121,8.414617555311204e-06,0.0054617663966058,29.246159258145425
0.764678362747192,270.0712811660614,0.2094143229262034,0.7204485376389443,0.5153619573103772,0.5879842736072884,0.3071145252846864,1.4646407223172965e-06,0.0042951242865169,13.33650854295356
0.9993854877359372,16729.503049452807,0.1001334665262988,0.9638041557803604,0.2136253460443956,0.356208767806841,0.0125033920611367,3.07465861071584e-06,0.0044606582375545,23.384198482294032
0.8774484751248408,19744.29852674306,0.1015738029951893,0.9717915516342628,0.1303109999120331,0.3591790304175872,0.01,9.61793554356284e-06,0.0038872418712461,20.76050909618774
0.9998578197871586,10820.394743679904,0.1038020849918233,0.7866269685932397,0.230880866752422,0.1532662029658362,0.015892675830262,1.733726995633963e-06,0.0038802472409996,19.43716023531564
0.6290756749105104,15421.541619891166,0.1047493027770673,0.3754939768435891,0.0972822923958173,0.7239965294581608,0.0117341878892578,8.109550099850776e-06,0.004780324995215,14.699768224779223
0.8045861957051751,13016.596657948234,0.1006089429036693,0.6020968457812005,0.1398501513661653,0.7507480936235823,0.0214195876711541,7.886256478765706e-06,0.0046191023439332,24.040016227875324
0.9034944809149646,5221.345632875335,0.1031644287452459,0.6937434801408062,0.4947260985184692,0.5972759298058324,0.0398107916543377,1.6117833555783114e-06,0.0044411528076779,15.969696605926824
0.9856246991537873,104.64581604660316,0.1014160304344739,0.5738233791461571,0.630170859877181,0.5505221831953258,0.4485768406138596,1.0246186775999583e-06,0.0038878573510543,8.02251245443311
0.6381190006146341,14829.33694204358,0.5504799259038029,0.9931118053083856,0.1569568963605403,0.2629540449696717,0.0100004652437525,8.516806420691054e-06,0.005351394748381,27.65671655191614
0.7099443157063542,3141.2325767642687,0.1015179348114035,0.5977525852432788,0.5714955101373418,0.6252032389325187,0.0535481796341591,1.565916412115829e-06,0.0043389248136986,9.84711662359366
0.8557748508368684,465.8244805082263,0.100510828052209,0.5404536365166038,0.4480802814437771,0.2146564699138038,0.3388429276472313,1.0323326047471103e-06,0.0036381041987891,15.632093817935589
0.9886827787959286,2073.4476206553527,0.1004561120912582,0.8399982898521873,0.3703500352588791,0.7970099876872013,0.3207596196980851,1.954566600790985e-06,0.0042848109778519,16.477300730289304
0.8693189264622313,4063.4332146019865,0.1036162406087136,0.7639531253263218,0.4985902544542869,0.8185120810104642,0.0885323604139626,1.9998287201789644e-06,0.0046345176367361,14.97449066286318
0.9733432771849552,8742.852468346946,0.1186115935934257,0.8149484286132842,0.3773098094040148,0.8561748933930078,0.0335084166667545,2.604761995012834e-06,0.0043563134847522,19.64679392822294
0.5309126885668847,100.35061750079971,0.1020261793276847,0.9025810014334807,0.0100000954985968,0.8506350878520543,0.9210992201284836,7.406660999166839e-05,0.0036342624057317,14.873937748526656
0.9997992656049026,10998.53060316585,0.1002692942067692,0.7996872096705652,0.2555252453438416,0.2237293404768724,0.0111226802073735,1.8615458746618189e-06,0.0042416850622982,9.942983812093514
0.8175107604392561,3664.296440708568,0.1102087601421016,0.7064682278443866,0.4001279676056001,0.718268156478136,0.1109142225176911,2.1148346794676937e-06,0.0042264064810576,13.641230420787188
0.7964239277377745,11281.153525545302,0.2701390547595798,0.9591363579661546,0.3235708188543091,0.563673406372696,0.0100584061729405,3.4442132497096947e-06,0.005068353099726,21.407869079636857
1.0,3054.9967164423188,0.3817267191211643,0.4662696115471663,0.3049856920103068,0.0742103947870866,0.01,1.0000000000000002e-06,0.0043383665035343,13.304475049252812
0.8424927878961428,1954.7540341401293,0.1013398035806842,0.637981270915059,0.3739521550451745,0.4992141445249287,0.2249220116186204,1.5962255299495513e-06,0.0045545855531033,9.062613525555417
0.9966928268339192,11757.306444346808,0.1002756890525633,0.7213792089099714,0.2841991042986281,0.5998941697781387,0.0100000642742683,2.375591534165051e-06,0.0043935405038509,19.021465425987973
0.7752190974776803,8958.195729569274,0.7204305016742524,0.6120154742151525,0.187090082419726,0.3555724467841693,0.0100031744347116,3.0341484631191047e-06,0.006385208899922,16.198015284935565
0.8955897653948451,10487.161626809737,0.3585654150075372,0.7276766921048373,0.2815577757092861,0.6431829693000729,0.0100068411681601,2.847701942473796e-06,0.0050018833316132,17.399716920062705
0.9824568228667754,7216.750960019634,0.1013731212263907,0.8596136914719736,0.2317401457246577,0.013062202363778,0.0662523985988519,1.3401380734716996e-06,0.0039450127705465,10.144727376948635
0.6395240076493804,291.2694693011945,0.5803463984406221,0.4115675178409358,0.5941585446515053,0.724808646840419,0.0103337487575296,1.5584440022574166e-06,0.0060473680685833,12.92071733145583
0.6923637387969215,2119.1038752337445,0.1039198302282343,0.6976157091873267,0.534600969599224,0.6798196247914898,0.1070188613803621,1.959129443621084e-06,0.0042596872989161,10.747300855259189
0.4449409583832672,8081.209688742279,0.3837198146560446,0.4084003735944417,0.1822699281269045,0.7745086078605367,0.0101773223812603,6.098909575561862e-06,0.0056857678951513,26.03369910544038
0.7573604324949056,1026.9519574355625,0.101782006352479,0.1838947689193465,0.0100014805814412,0.4103869582690789,0.0613221923878484,9.991116993479052e-05,0.0046152261443701,7.922300570613974
0.5906443921377144,16347.889497945162,0.1493137312314868,0.7698871680118718,0.1238145943779584,0.2793771743860111,0.0100000000000013,9.95148109628664e-06,0.004168470873629,15.21949045252769
0.8750794111547241,7786.654541196322,0.1018205524562445,0.7140923655546348,0.3906396831737203,0.5886154997803957,0.0209051067534633,1.935090513875124e-06,0.0042601902865202,19.645013014850203
0.6539433904932782,4836.975861707805,0.1024121614927305,0.5658109240792671,0.4980640243956208,0.6875392960259613,0.0131655520326442,1.885616382029368e-06,0.0037067562282417,13.406188179833856
0.7533992774442333,10848.710550171594,0.1002782695090428,0.7738949210430707,0.3899326772716625,0.9386713809182312,0.0100990690519751,3.176250086632115e-06,0.0041609388079244,24.41612510111372
0.801634589508929,4326.177518799973,0.3603545023077509,0.8190235337292706,0.5728714306291806,0.4842972473786843,0.0100762551278623,1.7348576669761386e-06,0.0046485196122855,20.134036354374636
0.9653843627690772,7266.83661729879,0.3825229050872771,0.7001991543620523,0.3134492441263301,0.4435729994231749,0.0110624699387355,1.9643605181968004e-06,0.004740606718102,19.57612176510187
0.8341782168303266,3775.980291394441,0.1010637219674732,0.7198665684528469,0.5270738876268338,0.454921531602195,0.0508775478149694,1.5823541794192248e-06,0.0043584474410052,15.021533458292817
0.7811305264172022,308.0320492289679,0.1432885308853885,0.9552038518771672,0.0100001009426328,0.9633342106402908,0.9999596936927136,5.1858708152899226e-05,0.0039847208900868,11.326652228156387
0.8767133184405912,1402.7115112734878,0.1021208538635191,0.7900653254831993,0.5295117997441185,0.7599401108416043,0.3049144334888973,1.5564371289297195e-06,0.0041278105691125,7.716875647351782
0.9126338570200574,5297.593444609353,0.1070775791250452,0.6650774012646643,0.3125405611692105,0.169028297260004,0.0479686952256772,1.3712942119541868e-06,0.0040156415533417,19.314869097668563
0.8242948115699483,1188.6134877012796,0.1019901264640108,0.8272334568323635,0.3741029295007336,0.7703691648149323,0.3993010211871921,1.9812081758446637e-06,0.0043989762745455,15.32689325419885
0.8273214343700387,13264.40650231714,0.3653895912713126,0.9471294351795304,0.3266340217720045,0.9227065917151902,0.0100005986310384,4.3338273316213775e-06,0.0044488942803578,26.68641421658568
0.9999152634266228,6663.360976117654,0.1000626208349248,0.6444148980748089,0.4415041811731279,0.7116360196303175,0.0234716771959387,1.7785511476383616e-06,0.0044941810044504,17.325258889494403
0.9995388976052229,9375.01919583476,0.1159329103436552,0.8601347764537762,0.2144016690804777,0.010423302609852,0.0417144479096885,1.3470673944136122e-06,0.0040825821521473,17.172259185572088
0.9977676927969896,5602.8497012942735,0.1011276449553327,0.6614446069695317,0.4404576842919632,0.3257227706620837,0.024484751760437,1.3018153381539054e-06,0.0043503087451709,13.88257200028812
0.5012630183928121,9236.976884285812,0.96593300307617,0.144702708080884,0.0289025998572752,0.0123756267548368,0.0100091942632862,3.288278170312936e-06,0.0078266942358131,18.73746732175881
0.8261811200000854,7472.957546356589,0.1019600656530305,0.9002371512657109,0.2982246679352953,0.549869799539067,0.0547394613836018,3.251137099524673e-06,0.0045727582297817,14.901129893863503
0.775288719597206,3914.193607050796,0.1022893018047168,0.7641037511035559,0.4623099148490232,0.6160851538847504,0.0865642140462312,1.988543316528184e-06,0.0046659773931013,19.626268767434425
0.9994690586375816,9921.214024764662,0.1038273961362427,0.7392903588140685,0.2020976689896707,0.0927866864799335,0.0364994401869748,1.634403752927818e-06,0.004604334947289,19.38442021821404
0.6323211250663855,2557.520897162132,0.1053028357293727,0.7461390888999783,0.2138160344414691,0.1458575623359944,0.2323376830523599,2.3185610698204063e-06,0.0049779322261036,22.14218888947839
0.7620024296143603,16487.964989164673,0.122021594582366,0.6756572334136373,0.128540213612534,0.6361750670397465,0.01,1.1027597958951484e-05,0.0041442121008777,15.365090777434338
0.852749225668468,166.56476613726045,0.237645872447973,0.9704435717775906,0.0100029062229228,0.9595955281582552,0.9999795742574644,4.963725560377035e-05,0.0046238951760644,11.661879255346705
0.6787412617183881,3072.0132457560326,0.1029082451489929,0.6808413829039603,0.5250923396431305,0.6953015415203732,0.0791752764905146,1.924836521508769e-06,0.0039956077987737,6.927621897543229
0.7618502628559983,1516.280801283902,0.1020293422230921,0.4897394818076084,0.318701793439056,0.1528628173620027,0.1896594360552292,1.2561769700858866e-06,0.0044981862727386,11.745929014789354
0.9822890158230816,10998.93484560974,0.1538765583193503,0.7688491518796339,0.189196407929055,0.010076965090631,0.0100281802542325,1.4640264751609029e-06,0.004515070529157,12.39648251916914
1.0,100.0000000000008,0.2779198186618175,0.2536316785152528,0.8441191908438133,0.9999999992393256,0.01,1.0000000000000002e-06,0.004416105625912,5.299782850790566
0.4553690590684983,11856.072363046616,0.1013507948364792,0.7974917118408319,0.2625666813397362,0.7418446707524016,0.0105454582884954,9.207879585059178e-06,0.0048993381024438,27.697703634098023
0.8053518216712011,3651.729722326657,0.1031310993927847,0.6142944924020641,0.5505619401508454,0.6234806260252154,0.0507468801511609,1.474481111804252e-06,0.0040821033491537,18.46841285324004
0.8327068879940519,2703.266562086801,0.1037476330728394,0.7122335176754814,0.3823278263664364,0.615979586370364,0.1598228057662318,1.92520072292608e-06,0.0038914050318843,20.456893457420488
0.3177114709903637,13991.739690028346,0.1001486505200001,0.9946544506259414,0.1744802051035362,0.0337954037381904,0.0100000113584348,7.453950872082945e-06,0.004658242560131,16.345001078548687
0.8687651724830563,10719.900520890107,0.1081810499716219,0.7821487479188023,0.2967195552138414,0.4335282722708869,0.0100577400512846,2.3092410602355524e-06,0.004201220916096,24.288857350326552
0.4190785239100728,697.3487089279106,0.1051389231582655,0.908549097234782,0.3382880625433674,0.9946922357521328,0.0717680292599213,1.8289349010721687e-05,0.0042548733533363,19.64071794891693
0.9809074368020336,3781.3656928449423,0.1010947613940899,0.9236692919022408,0.2296907339567978,0.375077132340724,0.2048581360379691,2.4583428978297525e-06,0.0048416390418527,12.784673743797931
0.9611201285055168,398.3842252436157,0.2455773931385028,0.9184333829407566,0.0100001114397608,0.9779117665376006,0.999946343960619,4.054288669621708e-05,0.0044297654411158,12.856014007397114
0.4798332162556584,12776.83064629339,0.1001589726617291,0.5951962071105056,0.1768847205479763,0.782322992219147,0.0102229342994604,1.1582098086434478e-05,0.0054547620988282,16.224936944072393
0.7508099599767214,18428.038033199115,0.6331128078294836,0.8606472852987891,0.1210635065904334,0.3498206370849744,0.0103467309217504,8.679500932393833e-06,0.0055245135400154,18.574467050677328
0.279473515764697,124.95759034333872,0.1044140106550169,0.4414879682158406,0.198141424267996,0.8621656830837916,0.3189087130627927,7.521499258981007e-06,0.0050276911001747,16.904938638409106
0.9820566402558252,9900.48166969144,0.1075926765187592,0.6110446319822386,0.1529932161350592,0.010191545231949,0.029296103993644,1.4117822848618214e-06,0.003487822033494,14.871191336830403
0.9935234432839438,9331.230415080969,0.1028865057647872,0.8000946141884275,0.4400336716760905,0.942917049572751,0.0267797190380141,2.2534020285636022e-06,0.0050699990469635,18.485406339722918
0.7978867577322235,5708.411796795243,0.1048911015644411,0.6809466486365973,0.4647269695552263,0.5541277808178428,0.0245123315153397,1.7380834072639e-06,0.0040672626650156,11.530798637851614
0.6439344896662917,11117.054431226246,0.5247851062001991,0.6422644499242527,0.1716419936487304,0.43626583864891,0.011949693401464,4.736861169361254e-06,0.0059115154342634,22.92419325134448
0.7179731093935195,4161.729192591756,0.105013552790339,0.7406517437957013,0.482871185263153,0.7143810243181689,0.0680146330879808,2.152893024732689e-06,0.0040069205531135,21.45069867474009
0.6599716439472536,101.79756088336948,0.2075343441816685,0.9967118708578904,0.0100001997332095,0.9999451840821506,0.9905399462128824,6.688026439604137e-05,0.0047664524943635,10.382201082632363
0.8731444425921188,19388.20168224215,0.583508122725762,0.751691648268895,0.0776108858277212,0.1489713913734551,0.012896132532074,7.82504367587293e-06,0.0040833155728642,14.2178029717581
0.9999999999999952,100.00000001008128,0.1000000000000843,0.4472194946448244,0.9318714795977004,0.9999999999987634,0.4639717006445111,1.0000000000000002e-06,0.0046047550080312,6.142723656927718
0.9956994370880712,3549.192096805472,0.1147833746604666,0.5049973914400446,0.259088026875322,0.3245337479117157,0.1128737566613443,1.4243705993282863e-06,0.0041198415084467,21.104363754081625
0.5840490141837097,216.11339322219575,0.1126567281565792,0.7466688990607462,0.5972368551596738,0.8601587282445012,0.628347950558947,1.6262763594512565e-06,0.0045000999919619,10.073361977463044
0.7930697298825125,1516.0087376908562,0.1400549590571567,0.6283022172719968,0.4364087155137521,0.5324547628441512,0.2046143953344791,1.520229915449905e-06,0.0043685456218371,16.174686585305846
0.966721185874417,4467.792908881518,0.1043187266774807,0.8058816500534184,0.5333805365431851,0.7929844888756729,0.0663651506051114,1.7840880245245245e-06,0.0042761373880617,16.48811285453372
0.9999856218779436,12262.020309463627,0.10006332846023,0.8918615139955682,0.3034770743358368,0.6228704474326509,0.021789039769381,2.7341273659261546e-06,0.0040856379527065,14.615655373850185
0.7705770839736917,15976.951862228649,0.13560909307857,0.1462798907999596,0.0194749440697099,0.2120034794142648,0.013789737731639,9.187000064688128e-06,0.0044013773582475,18.96932870669116
0.686007590033482,182.58604430104143,0.1949302333584124,0.9088677533932408,0.0100009967106439,0.9999998896137426,0.649321714799891,8.40452604854599e-05,0.0042062477325991,9.44028636728054
0.7912362491153851,11903.986735654757,0.3666089878302648,0.9816964516345172,0.3302380882938597,0.7217807741698224,0.0101082950546308,3.980899550281041e-06,0.0045745541842181,14.699581487435625
0.6637446354286987,17628.842083169486,0.1048254623871746,0.8048582979728304,0.1469116748256927,0.5202979597663864,0.01,1.0687131490404615e-05,0.0044332738667937,19.04388496349154
0.8791005203553249,5664.175941644793,0.1094933197703956,0.74391814156645,0.4383026581208253,0.7229415807290624,0.0565587651804525,1.9818915309061864e-06,0.0046613088235884,12.118090591627649
0.9975473596718276,9082.438578283483,0.1014799366501326,0.645175420007809,0.1960916609065211,0.146253127940033,0.0341371181124315,1.688776325730744e-06,0.004257488895333,16.206538322588003
0.7919726354965547,2302.112568905342,0.1461463115383714,0.4102138883397623,0.5925938474640873,0.4346801199664923,0.0103251278482317,1.0873751277232777e-06,0.0041198031699681,21.30783109406737
0.8208284851556397,11839.502798193183,0.1014843157887953,0.7890177619408772,0.3464060742087155,0.9475733812785188,0.0102227729602132,3.537537901084636e-06,0.0044285761301309,22.198785614431884
0.7814670044069505,16435.10386100096,0.1504387160904451,0.822455160067748,0.1280056063115601,0.3609723276582397,0.0100000736768722,9.672065085336316e-06,0.0039925216635335,17.13736638371588
0.8865182272808826,3709.086794475029,0.1004871082665165,0.7086324066548993,0.1167381388595682,0.5103344798067535,0.2980948742439732,4.271420622421568e-06,0.0054237436695522,21.14686135712742
0.9583108422126596,211.56829350013484,0.267129245574073,0.968080764970159,0.0100000514536616,0.92382211862691,0.949552250173276,4.417076168304277e-05,0.0049017611945972,11.782671086096062
0.9999173140159056,13243.643353783664,0.1000063797097425,0.7968534354803744,0.2018662168252356,0.1837484728224406,0.0100150470597706,2.0901055949088675e-06,0.0039902024677827,14.20614539321431
0.705980228285696,3605.827608963644,0.1003798094393732,0.8888555669034434,0.4062043062523346,0.5884724817238253,0.1220646852744486,2.699495493078737e-06,0.0051305258633023,21.089758272932787
0.7312129162136712,8791.143824192695,0.5456674227778169,0.7505564837570435,0.2601027451356349,0.546858143918323,0.010215143083622,3.782678758153022e-06,0.0050412082809075,22.655340607220804
0.8629627748598263,6364.103513910726,0.1093646000401097,0.5707685717848477,0.2258731671109878,0.1804330032812107,0.0452456567489851,1.6643851248176482e-06,0.0044729673652798,13.163189129024731
0.971222698689649,8622.563303793982,0.188769477873769,0.8198017416219294,0.4379900537253,0.7389672799883658,0.0100735891748139,2.1768838308632264e-06,0.0041947589184525,20.02577687353485
0.6103630380287403,858.0043028967227,0.1024376035553288,0.9029344944356528,0.4836625687824138,0.7070801788385512,0.2722625241831201,2.4981174258132857e-06,0.0046406832080713,14.98495780806438
0.8217145609881783,5910.159701364159,0.1056484793221067,0.6369205475740853,0.4605063989081115,0.7711681510101757,0.0354776611411417,1.938373314172272e-06,0.0048333612180032,11.154331811609088
0.8926438115287383,524.5316117717759,0.1000000619480178,0.87816360574977,0.0100063911476021,0.9017783436834568,0.5032059419493845,7.836681974918509e-05,0.0037346640923713,16.518835362698606
0.9999981253669672,11080.273073299446,0.1000470513346827,0.6889040111079139,0.2068626959201418,0.1871654673867677,0.0135436457041962,1.880947903649965e-06,0.0045118032375048,14.201989003449988
0.8485718414510055,3451.3784391776207,0.101244639346454,0.8844086717201236,0.4083157674006463,0.8614526122875061,0.1407320731958181,2.6497951691476283e-06,0.0044091122910888,17.070481066197317
0.9999997418033616,10856.455635280994,0.1000013185244837,0.9323600581990452,0.2766398205001684,0.1706789308846092,0.0206860313826191,1.800699323251305e-06,0.0047585300732666,20.13203999511628
0.9993589901475376,10348.30480209594,0.1008657759441442,0.7734303248801822,0.1864069748502225,0.010022947028276,0.0351687851748933,1.4285192907470994e-06,0.0039827209486681,9.55764959271398
0.7539095484159652,18957.91325657588,0.1466716930095823,0.9796395255167571,0.1357562111559709,0.3218527314312222,0.0100000029504586,1.0323205201920212e-05,0.0042432559410067,15.62026526372899
0.9999999999973994,100.00000748394102,0.3170645271936514,0.3274623151029925,0.9819567112283436,0.999999999999981,0.01,1.0000000000000002e-06,0.0046832776363877,6.933610875463803
0.6437236020020911,1186.120178985009,0.1076399427767192,0.8257189906401622,0.6433184944071297,0.6275722184280754,0.1681182940167788,1.741234383631964e-06,0.0038164206630933,18.404461424160196
0.8735719130062725,133.39984524115596,0.3168675405081835,0.9899943373052822,0.0100000417234979,0.9925305020930127,0.996343408140195,4.6795493760793145e-05,0.0048371382416316,8.901291245919822
0.808586735479355,3397.590367175253,0.3722838166423821,0.5575041177309936,0.4893918753186898,0.7095438145459886,0.0100624209798552,1.630586876572608e-06,0.003969079251924,18.54500721413608
0.7514861211384793,16165.392289503545,0.100074327127687,0.8683889952664104,0.1942187128456902,0.8513358018096867,0.0100201979739041,1.0852430070324663e-05,0.0044208367002301,23.45510823109108
0.8548875762452716,17160.146942507126,0.327600920543062,0.5490359702583684,0.0754384609713059,0.3310786213897452,0.0175449561666658,8.329055757993877e-06,0.0048971904832787,26.152084518083807
0.927076633891462,19978.31954822821,0.4700438650790832,0.7417859336412762,0.1150682522381938,0.6690199657502034,0.0100164800235077,1.044282205968248e-05,0.0047777236394627,23.389694561731
0.8248413256022585,928.1869044309218,0.1000033077897157,0.8092043865108087,0.0100053938274227,0.6734482948436338,0.417983208587832,8.492722361553423e-05,0.004442744873459,8.578119897422924
0.3863441228618203,14340.07054798914,0.1027315083283672,0.8522699088807087,0.1463960254477165,0.0859977684953209,0.01,8.181849181505475e-06,0.00486826630108,16.369154116086847
0.441859482335497,16669.431545920375,0.1025333802640029,0.8640919022871458,0.12268447251668,0.0623206487420233,0.01,8.186443719651014e-06,0.0038953200034682,11.903567711187808
0.7656639943974943,11311.658180704471,0.1195526395797549,0.1071356980410536,0.0174475320432088,0.2357894612962618,0.0216810583648147,7.708327956184351e-06,0.004498495157357,19.10243135095558
0.9999769916404756,7766.071370154464,0.100052417330306,0.7176865914889132,0.3154927107031605,0.3534106604961316,0.0205217255024726,1.739607152150447e-06,0.0039354776483152,16.380567583917404
0.7560229592507265,10123.099201212222,0.442131411160705,0.586852019964526,0.2079599427710027,0.5918966317642901,0.0100008371316862,3.5137303293540222e-06,0.0054849025755678,15.53028523550174
0.8529086352316196,13762.666039958658,0.3568840320186742,0.486186963989564,0.1364686127505127,0.567018360678207,0.0100000531337453,3.81505792914206e-06,0.0049905578104117,26.422565684608703
0.6118169759913975,223.23677666689284,0.1376353091330952,0.9984233202362438,0.1272689783812247,0.8481763658534801,0.3699424656111561,1.1143075556043474e-05,0.0038629527672301,13.619210667952226
0.4780984899399686,243.4669277286663,0.1008230981521067,0.7175915803885566,0.5599855759038311,0.840959038326156,0.5480755530331222,1.8254404471046876e-06,0.0043237326330786,12.940963645641608
0.9807795151945022,2462.86169979874,0.100703308031969,0.8397000116598856,0.3065326979347219,0.8751175027649702,0.304635635811567,2.4191358119860152e-06,0.0052738386915035,18.93276967348586
0.5305990538422187,149.46889101039963,0.1402959497257113,0.954975845190206,0.1401114701612813,0.9468004783158228,0.4034387149198369,1.102427077954658e-05,0.0042429379759931,13.24943090498
0.80617759686693,12336.71284629672,0.1588300609426501,0.7965229471806349,0.2889262537837423,0.6691308806577543,0.0100143705544173,3.421315253672508e-06,0.004613249311752,20.67017295065879
0.7250457243760707,15152.149019135892,0.1219952001653649,0.1386351263425928,0.0216243876372879,0.3127787673431964,0.0124796959770311,9.623843187978192e-06,0.0041097312357011,25.59639192511728
0.9997432703450048,8532.686917162311,0.1000072435209432,0.8167496138488718,0.2851184174133597,0.1951665495568666,0.0306551554122187,1.621890486233654e-06,0.0039044527019534,9.903848989530578
0.7322398140907515,1070.0515734855112,0.1134886733688564,0.999166810851489,0.0892131248780822,0.9999926518847642,0.1850348548246341,2.9940216889915825e-05,0.0049330843555896,13.799267489657405
0.9879357527041004,13374.897593211956,0.3563110245422535,0.7526222949006596,0.2206386224921524,0.5324048676824865,0.0105971931259436,2.985733694035601e-06,0.0049682584294095,18.54902710895581
0.2495722009634255,5234.714052512384,0.2890943574089575,0.6641669564278982,0.343820532896668,0.5426880387223253,0.0110211708204726,9.56392672151747e-06,0.0069356651833728,29.15754328506319
0.8056483727480188,19616.555646772907,0.1177774110494846,0.945948240766764,0.1354971672335043,0.409035246286276,0.01,1.08740336687195e-05,0.0044452740632617,15.649550744518908
0.9954466092229904,4890.093195014638,0.1021238317660315,0.7141802075822503,0.1552933924492212,0.5388565176575908,0.1614929327966417,3.7701007147162222e-06,0.0048277740767456,15.38836092052177
0.7422250279758857,12323.993848404336,0.1009676255632143,0.7271062656211893,0.2607053970482244,0.671848775261114,0.0100019546417228,3.7608840423328062e-06,0.0040308208496057,17.3509686177471
0.8618766654457712,2736.046887658449,0.1954962162837988,0.5413150931374626,0.6116710399591713,0.4096304015609407,0.0100445894272098,1.1623650351742298e-06,0.0041829806705048,9.281996585347862
0.7950828731565195,393.1473934706206,0.1002602033191844,0.5413719673649844,0.4465479714774851,0.2230797244803989,0.3790364362269821,1.030883054752145e-06,0.0039523441831425,12.9667844181218
0.9877401634996604,2408.1846528176584,0.1005513919592878,0.7682601129006247,0.5433228545475708,0.7670172810832647,0.1467519538963094,1.616215090444563e-06,0.0041293728779532,12.829796126816658
0.9995298499559194,6782.59000802086,0.1009017970720431,0.9170041904868308,0.236103296429199,0.6757720607054366,0.114982236615256,3.706317265835464e-06,0.0052325237060655,24.33643960554097
0.9999999994326604,100.00000000003992,0.3688752414942087,0.3163086759081331,0.9999797568747504,0.9999999998820012,0.01,1.0000000000000002e-06,0.0050607323724111,9.398798206607864
0.9999703741217696,10613.508191761344,0.100053795687626,0.5842226995137336,0.228870827702811,0.4749517457362747,0.0164196872889169,2.0854419203943137e-06,0.0046043628203794,17.989622200151697
0.8196080064098328,5718.541920241031,0.1032492854508069,0.7439638576593531,0.5461190078155389,0.5964384142352003,0.0149981875674068,1.7508281552145907e-06,0.0038764725895724,11.999945966566829
0.9999999999999992,5410.897076905908,0.1,0.6857081736529778,0.6427713835579961,0.6116432680182894,0.0100000019117996,1.303211652504858e-06,0.004241189624106,12.880364186307402
0.9737563943982652,9441.36583064713,0.1103445604675666,0.6519408297603648,0.2008220672440896,0.4124123114134607,0.046029849532861,2.454828728880184e-06,0.0043729245651128,17.010879911482807
0.9871154590199006,3867.313794976591,0.1058597556786898,0.7947914694254535,0.1907461242259838,0.8469771022849474,0.1725060024929936,4.447001975369548e-06,0.0044058003907457,16.636456560801474
0.702028968922848,16952.688681767868,0.1063670529730677,0.7546692467857776,0.1725255608019243,0.931876843478298,0.0100024366884935,1.24630298576362e-05,0.0045309206050807,16.952052416231197
0.9994382901951908,10007.596306873114,0.1005015770087626,0.69869060562501,0.2486817633447932,0.3281126377420858,0.0197355622211698,2.0060102755339467e-06,0.0046137803225467,11.224418144469322
0.574513075618726,100.6021451273074,0.1509476595792081,0.992765387680108,0.0100000778912654,0.995032102053053,0.9999994232219476,7.283247131586642e-05,0.0044636000982915,15.990042334099751
0.8203901840679484,17762.87644722447,0.541078132947917,0.6818214931417121,0.1235468479783197,0.7825653999954042,0.0100162671446548,1.125821072530912e-05,0.0055434853107809,24.89483355139852
0.9777079114348092,16107.138877538377,0.5974199680848489,0.897943331450456,0.2270516362621533,0.8965917458434955,0.0112773107837236,5.278729868087093e-06,0.0057871318665403,26.655045137638407
0.7175126001466426,9681.118939384654,0.1017659298203173,0.782636096194827,0.3953984481969657,0.746565213291373,0.0144959128584899,2.976417803638662e-06,0.0051487273552002,13.714839143781385
0.9998171198460584,9781.972984185746,0.1112294483904053,0.7439888355701518,0.2743752268422215,0.2866183196261189,0.0101646146468004,1.78512379808631e-06,0.0043623887914541,15.109474092310643
0.9958320035051846,10988.119833538416,0.1010564538964572,0.8603377540764942,0.3631424190288964,0.6134840967380097,0.0115754014695908,2.287742347990264e-06,0.0038341956986594,14.77803795022574
0.9501892334937037,5261.845111847365,0.1158042258932584,0.7509999114584949,0.2113735304373406,0.4943113375264107,0.1293220962516008,3.036594262583146e-06,0.0049048601469429,19.644445854481106
0.975816352414577,6003.827307178985,0.1007739732055733,0.7207720883717627,0.5359045004093821,0.5900448372393075,0.010623053265414,1.5118680280113265e-06,0.0035250827772455,11.05656468609682
0.999996120010948,12011.04027360817,0.1000065644663323,0.8421354450711107,0.2212145790974465,0.0998547775413915,0.0106217273085201,1.7708536807954615e-06,0.0041879156348307,19.0045710115949
0.9648531002607508,12602.81645499232,0.1010560919875665,0.8883508425764226,0.3307273732853787,0.818239465981611,0.0240354456366973,3.0562929982267296e-06,0.0051456040618579,11.535831288706294
0.6600336573219041,12821.329786337852,0.3577510824809733,0.776078352129591,0.1529815413404512,0.4770885367798837,0.0100000000001071,9.79324621851716e-06,0.0042398289896043,18.704732169132303
